date,transactionid,type,category,amount,from_account,to_account,fee,notes,description,status
7/4/2021,1,Withdrawal,groceries,9758.18,CR80 5619 5094 8616 1257 1,FR58 8164 3304 37US U0FT MTKK E41,8.07,Groceries transaction status: Completed. Record updated and logged successfully.,Groceries withdrawal transaction completed successfully with account verification and standard banking review.,Completed
7/6/2021,2,Transfer,utilities,7647.69,PK73 STWQ XCPM QIBH 8AWO CH9X,FR60 8911 4649 58RO VIG7 IALY K20,39.23,Utilities transaction status: Completed. Record updated and logged successfully.,Utilities transfer transaction completed successfully with account verification and standard banking review.,Completed
6/4/2021,3,Transfer,groceries,4486.33,MT25 OTHZ 9960 8SGL XHUM DTFE BR0F ETE,RO55 FLCH U6BN WHVP ND10 NZDC,7.12,Groceries transaction status: Failed. Record updated and logged successfully.,Groceries transfer transaction could not be completed successfully with account verification and standard banking review.,Failed
4/5/2022,4,Deposit,groceries,5052.59,FR32 5692 9042 17BQ HD6L 062H V68,RS13 7977 4737 8656 4845 35,43.3,Groceries transaction status: Failed. Record updated and logged successfully.,Groceries deposit transaction could not be completed successfully with account verification and standard banking review.,Failed
8/9/2022,5,Withdrawal,utilities,9025.15,FI78 9884 6352 2873 73,MU10 PEZM 9553 3873 6568 5498 326V TX,11.14,Utilities transaction status: Pending. Record updated and logged successfully.,Utilities withdrawal transaction is awaiting processing approval with account verification and standard banking review.,Pending
9/20/2020,6,Withdrawal,utilities,1264.92,AD40 5755 1661 O7AH SCQW G5KY,FR18 0708 5056 24PT VH8R ICGU P40,13.58,Utilities transaction status: Pending. Record updated and logged successfully.,Utilities withdrawal transaction is awaiting processing approval with account verification and standard banking review.,Pending
1/9/2022,7,Withdrawal,utilities,8881.46,AD24 6537 0848 NADK 2UYQ H1XX,HR02 1194 5393 4348 7267 2,0.71,Utilities transaction status: Failed. Record updated and logged successfully.,Utilities withdrawal transaction could not be completed successfully with account verification and standard banking review.,Failed
4/24/2020,8,Transfer,groceries,6001.57,SI06 5845 0250 2875 577,GT42 JSXU JLF8 AN3D CYKO 8WZB UPFP,7.86,Groceries transaction status: Pending. Record updated and logged successfully.,Groceries transfer transaction is awaiting processing approval with account verification and standard banking review.,Pending
1/25/2021,9,Deposit,entertainment,5593.96,AL79 2745 2451 PKQI CCS7 6FO8 WB1A,EE64 7749 4881 0900 4696,40.87,Entertainment transaction status: Pending. Record updated and logged successfully.,Entertainment deposit transaction is awaiting processing approval with account verification and standard banking review.,Pending
10/23/2021,10,Withdrawal,entertainment,688.18,GI47 VHRF LQAB QHQZ PILD UTX,SE69 2740 2421 4311 2058 0843,16.33,Entertainment transaction status: Failed. Record updated and logged successfully.,Entertainment withdrawal transaction could not be completed successfully with account verification and standard banking review.,Failed
6/24/2022,11,Withdrawal,entertainment,6941.79,AD93 6433 2422 EVJZ SEGQ 5BKB,FR38 4666 9961 30OG X6MQ WT09 562,11.16,Entertainment transaction status: Pending. Record updated and logged successfully.,Entertainment withdrawal transaction is awaiting processing approval with account verification and standard banking review.,Pending
8/22/2022,12,Transfer,entertainment,3181.69,CZ67 7270 1225 3238 4167 0723,FR40 2869 9377 72JE Y5FU U92B 442,21.16,Entertainment transaction status: Pending. Record updated and logged successfully.,Entertainment transfer transaction is awaiting processing approval with account verification and standard banking review.,Pending
11/22/2020,13,Deposit,utilities,6925.34,BG24 JQHK 5461 29RJ U3ZN J0,SA53 76VV WNYK LQW1 MMMD BJ7J,29.27,Utilities transaction status: Pending. Record updated and logged successfully.,Utilities deposit transaction is awaiting processing approval with account verification and standard banking review.,Pending
7/21/2022,14,Transfer,groceries,8996.08,TR89 9062 104R TG6P 7FMX 0HMI 05,MC96 2491 7105 15I8 67JY DIU4 559,26.55,Groceries transaction status: Pending. Record updated and logged successfully.,Groceries transfer transaction is awaiting processing approval with account verification and standard banking review.,Pending
7/13/2021,15,Deposit,utilities,4022.53,AT81 0140 2940 1571 9538,AT41 3925 1929 3525 2683,4.05,Utilities transaction status: Pending. Record updated and logged successfully.,Utilities deposit transaction is awaiting processing approval with account verification and standard banking review.,Pending
7/25/2020,16,Withdrawal,utilities,4939.9,GI16 RPIR 6O50 SM11 GVVI B5P,TR82 3588 30PH N88J DNOT 5Z52 2D,44.41,Utilities transaction status: Completed. Record updated and logged successfully.,Utilities withdrawal transaction completed successfully with account verification and standard banking review.,Completed
1/10/2020,17,Deposit,groceries,4395.4,PL84 3394 8989 2131 1901 3785 2065,GI29 ETTK MZNT VWGJ LEE0 XIW,13.26,Groceries transaction status: Pending. Record updated and logged successfully.,Groceries deposit transaction is awaiting processing approval with account verification and standard banking review.,Pending
1/4/2021,18,Withdrawal,groceries,5971.09,GB25 GZOJ 4148 1038 9633 57,GT19 3UJD ET5Y XZMD D2W5 9KSG VVLI,31.1,Groceries transaction status: Completed. Record updated and logged successfully.,Groceries withdrawal transaction completed successfully with account verification and standard banking review.,Completed
7/21/2021,19,Withdrawal,entertainment,2337.03,FR52 2291 2356 42K3 W3TP 8UZH 565,GB49 TMSJ 9062 4760 9362 73,31.14,Entertainment transaction status: Failed. Record updated and logged successfully.,Entertainment withdrawal transaction could not be completed successfully with account verification and standard banking review.,Failed
4/26/2020,20,Deposit,entertainment,6757.71,DK47 1205 7550 2074 21,AD20 4804 1879 1ASW 4MBW WOOI,43.64,Entertainment transaction status: Completed. Record updated and logged successfully.,Entertainment deposit transaction completed successfully with account verification and standard banking review.,Completed
2/10/2022,21,Withdrawal,groceries,6470.51,MK73 669Q 7H3V KQQF 811,FO19 1147 9195 2670 80,34.67,Groceries transaction status: Pending. Record updated and logged successfully.,Groceries withdrawal transaction is awaiting processing approval with account verification and standard banking review.,Pending
4/26/2022,22,Withdrawal,groceries,5152.97,PK57 NQSX YIEM UFMK AJNY RYQJ,PT29 7165 6944 0043 9811 3599 9,9.26,Groceries transaction status: Failed. Record updated and logged successfully.,Groceries withdrawal transaction could not be completed successfully with account verification and standard banking review.,Failed
4/30/2020,23,Deposit,groceries,9999.76,FR45 9331 7126 20TQ GAZ1 3K7E O27,GI24 EULA 6FVG OEN9 YQOW 1NC,40.83,Groceries transaction status: Pending. Record updated and logged successfully.,Groceries deposit transaction is awaiting processing approval with account verification and standard banking review.,Pending
10/13/2022,24,Deposit,groceries,5639.32,GI06 TUFG A5VU BHZI NGTK BCP,BH66 UTXG EFPM 4FLI L6YK D5,22.84,Groceries transaction status: Failed. Record updated and logged successfully.,Groceries deposit transaction could not be completed successfully with account verification and standard banking review.,Failed
11/20/2020,25,Transfer,entertainment,3462.7,GE76 NZ39 0616 6914 1255 27,BH43 KUTS PGPP BRZM 8ZFL XW,3.09,Entertainment transaction status: Completed. Record updated and logged successfully.,Entertainment transfer transaction completed successfully with account verification and standard banking review.,Completed
7/6/2022,26,Transfer,entertainment,8688.67,LU81 284Q MLIM T2OI RKJZ,BR04 2189 7355 2100 7870 9317 353J B,26.22,Entertainment transaction status: Completed. Record updated and logged successfully.,Entertainment transfer transaction completed successfully with account verification and standard banking review.,Completed
8/26/2020,27,Transfer,utilities,466.32,FR39 0603 0244 284G CTR8 DJPV K59,GL68 9878 3514 2277 67,22.25,Utilities transaction status: Failed. Record updated and logged successfully.,Utilities transfer transaction could not be completed successfully with account verification and standard banking review.,Failed
5/20/2022,28,Withdrawal,utilities,6258.15,RS36 2733 6584 5388 8289 47,MD61 6KWU QWMZ VTHX LNHS 57NW,5.23,Utilities transaction status: Completed. Record updated and logged successfully.,Utilities withdrawal transaction completed successfully with account verification and standard banking review.,Completed
8/20/2020,29,Withdrawal,groceries,3482.65,PS26 WUEI KIOV SJW9 YBVO UD5V LSHD Y,FR09 4789 4186 72OA QPQI F32Z L41,38.02,Groceries transaction status: Failed. Record updated and logged successfully.,Groceries withdrawal transaction could not be completed successfully with account verification and standard banking review.,Failed
12/21/2021,30,Transfer,utilities,1519.69,PT34 2979 7717 0255 1025 3328 9,NL63 ZUHZ 7574 2178 58,11.46,Utilities transaction status: Completed. Record updated and logged successfully.,Utilities transfer transaction completed successfully with account verification and standard banking review.,Completed
6/24/2022,31,Withdrawal,utilities,3378.73,GB40 NAFH 7715 6860 3568 44,HR98 6364 7151 1036 8086 7,30.0,Utilities transaction status: Completed. Record updated and logged successfully.,Utilities withdrawal transaction completed successfully with account verification and standard banking review.,Completed
5/8/2021,32,Withdrawal,groceries,4861.93,FR26 8560 0990 88YE VTG2 03JH Y19,VG34 NCEL 7327 9568 5889 0193,43.19,Groceries transaction status: Pending. Record updated and logged successfully.,Groceries withdrawal transaction is awaiting processing approval with account verification and standard banking review.,Pending
7/17/2020,33,Deposit,entertainment,6009.49,TN03 6082 9305 6674 2476 8310,SA58 86BN 8GSE W2EK Z5OP FNME,17.07,Entertainment transaction status: Failed. Record updated and logged successfully.,Entertainment deposit transaction could not be completed successfully with account verification and standard banking review.,Failed
6/29/2021,34,Deposit,utilities,597.62,KZ22 627M P18S WSIV 7YSS,DK41 5546 0118 3039 30,18.16,Utilities transaction status: Completed. Record updated and logged successfully.,Utilities deposit transaction completed successfully with account verification and standard banking review.,Completed
6/18/2021,35,Withdrawal,utilities,8017.67,TN95 2219 8392 1000 1087 4977,BG13 UMLS 1093 495T 0PBJ PR,48.62,Utilities transaction status: Pending. Record updated and logged successfully.,Utilities withdrawal transaction is awaiting processing approval with account verification and standard banking review.,Pending
3/21/2021,36,Transfer,entertainment,213.65,IE45 ZURV 8123 3166 8095 90,AT50 5404 2079 1687 0184,34.31,Entertainment transaction status: Completed. Record updated and logged successfully.,Entertainment transfer transaction completed successfully with account verification and standard banking review.,Completed
8/13/2022,37,Transfer,utilities,5533.12,HU07 5766 5505 4165 4716 4654 9113,NO50 3963 7270 160,25.09,Utilities transaction status: Pending. Record updated and logged successfully.,Utilities transfer transaction is awaiting processing approval with account verification and standard banking review.,Pending
2/7/2022,38,Transfer,entertainment,7785.89,MT90 UXWY 1946 2RXI WDP4 8OV1 NBTF QGG,KW59 XRAP OBAE 7GMJ QNYB 6EVB VPEM JO,8.89,Entertainment transaction status: Failed. Record updated and logged successfully.,Entertainment transfer transaction could not be completed successfully with account verification and standard banking review.,Failed
6/11/2021,39,Deposit,utilities,2851.51,SA34 77UB TUEP XKC1 4TW1 4RIN,ME85 9784 3785 4111 8498 82,0.58,Utilities transaction status: Completed. Record updated and logged successfully.,Utilities deposit transaction completed successfully with account verification and standard banking review.,Completed
5/7/2022,40,Withdrawal,groceries,4952.5,NO48 0557 9871 893,SK53 3087 1908 2939 0802 8942,24.99,Groceries transaction status: Pending. Record updated and logged successfully.,Groceries withdrawal transaction is awaiting processing approval with account verification and standard banking review.,Pending
5/16/2020,41,Transfer,utilities,8870.77,SM50 B167 6903 397U VBXL IX9A VD0,FR41 5141 5463 21QK VKV2 PSYK A60,32.53,Utilities transaction status: Pending. Record updated and logged successfully.,Utilities transfer transaction is awaiting processing approval with account verification and standard banking review.,Pending
1/7/2022,42,Withdrawal,groceries,9604.93,AD91 0624 9172 R9QW LENF 2WFV,KZ46 615A A4OZ Z4FA JLYB,42.89,Groceries transaction status: Failed. Record updated and logged successfully.,Groceries withdrawal transaction could not be completed successfully with account verification and standard banking review.,Failed
12/20/2022,43,Withdrawal,utilities,4983.74,MC30 2402 8993 64NU ZDHL QO1P U01,GL38 1870 7707 5010 86,30.73,Utilities transaction status: Completed. Record updated and logged successfully.,Utilities withdrawal transaction completed successfully with account verification and standard banking review.,Completed
3/17/2022,44,Deposit,utilities,5743.74,TN61 1247 6388 7587 9580 7992,CH41 4080 8ZHW 0IX2 WN6V A,7.87,Utilities transaction status: Completed. Record updated and logged successfully.,Utilities deposit transaction completed successfully with account verification and standard banking review.,Completed
11/29/2021,45,Transfer,entertainment,4195.58,LU21 290S RFIE C8XX LGSU,GI04 NBBX KAOB IOZX LQCV K5Y,29.15,Entertainment transaction status: Pending. Record updated and logged successfully.,Entertainment transfer transaction is awaiting processing approval with account verification and standard banking review.,Pending
6/6/2022,46,Withdrawal,entertainment,8770.39,FR13 4334 8386 91HL FCCM Z95L D40,MD54 P7DY GFHI ZCMA G6VN IMP4,27.93,Entertainment transaction status: Failed. Record updated and logged successfully.,Entertainment withdrawal transaction could not be completed successfully with account verification and standard banking review.,Failed
7/31/2020,47,Withdrawal,groceries,5401.49,LI74 0468 5ZSK ILG8 FMCV S,FR07 8234 2367 756L USR0 OZ5F F73,14.43,Groceries transaction status: Completed. Record updated and logged successfully.,Groceries withdrawal transaction completed successfully with account verification and standard banking review.,Completed
10/28/2021,48,Withdrawal,entertainment,3200.35,PL94 9868 6346 9750 7307 1580 5196,FR25 2088 4997 72QI 37VE LV2V N65,40.02,Entertainment transaction status: Completed. Record updated and logged successfully.,Entertainment withdrawal transaction completed successfully with account verification and standard banking review.,Completed
9/29/2021,49,Deposit,groceries,5702.52,FR81 0886 4291 98FG ZDXI ZUYN U64,FR85 6797 2422 53VJ W8ER TABS 866,39.11,Groceries transaction status: Failed. Record updated and logged successfully.,Groceries deposit transaction could not be completed successfully with account verification and standard banking review.,Failed
12/17/2021,50,Deposit,utilities,6943.76,DO10 TCSP 6287 9746 2456 3484 8277,FR41 3105 7388 50VW XJTE L2YN G34,48.1,Utilities transaction status: Failed. Record updated and logged successfully.,Utilities deposit transaction could not be completed successfully with account verification and standard banking review.,Failed
8/28/2022,51,Deposit,utilities,5211.26,FR54 4709 0521 06CM GZFY GQNB U90,LT32 9465 1552 4123 1418,6.15,Utilities transaction status: Completed. Record updated and logged successfully.,Utilities deposit transaction completed successfully with account verification and standard banking review.,Completed
7/5/2020,52,Transfer,utilities,2846.72,FR46 6671 4803 94RD NE2T 5PKR N18,SI24 7293 5326 3431 479,27.25,Utilities transaction status: Completed. Record updated and logged successfully.,Utilities transfer transaction completed successfully with account verification and standard banking review.,Completed
8/16/2021,53,Withdrawal,utilities,1524.23,CR90 5804 3705 0160 1637 1,MR42 9864 2114 4954 2162 4583 721,1.32,Utilities transaction status: Failed. Record updated and logged successfully.,Utilities withdrawal transaction could not be completed successfully with account verification and standard banking review.,Failed
3/15/2020,54,Deposit,utilities,7107.05,MD62 2HR8 T8L0 WSBA IPO0 6LEA,FR90 5515 5425 98W2 X1GI EFOK 402,44.02,Utilities transaction status: Pending. Record updated and logged successfully.,Utilities deposit transaction is awaiting processing approval with account verification and standard banking review.,Pending
9/13/2021,55,Transfer,utilities,8853.15,FR72 0696 3245 25RB 5FUP J5II 998,FR54 8436 8560 10I0 D58X VSEY K66,30.78,Utilities transaction status: Pending. Record updated and logged successfully.,Utilities transfer transaction is awaiting processing approval with account verification and standard banking review.,Pending
4/17/2021,56,Deposit,groceries,2059.97,SI58 0168 3406 1518 570,TN30 0907 1426 1437 7945 4895,39.5,Groceries transaction status: Completed. Record updated and logged successfully.,Groceries deposit transaction completed successfully with account verification and standard banking review.,Completed
3/2/2022,57,Transfer,groceries,9197.54,MR43 2637 0407 4660 1346 5974 973,NO16 1495 6161 741,0.39,Groceries transaction status: Pending. Record updated and logged successfully.,Groceries transfer transaction is awaiting processing approval with account verification and standard banking review.,Pending
7/16/2021,58,Deposit,groceries,2395.68,AL89 0775 4185 629P PMDE O2LV N5HA,FR38 4184 4755 367G TRPP QTUG K10,32.95,Groceries transaction status: Pending. Record updated and logged successfully.,Groceries deposit transaction is awaiting processing approval with account verification and standard banking review.,Pending
5/19/2022,59,Withdrawal,entertainment,9897.08,FR73 9609 5048 02N9 OWMG JPQX C19,GT12 3MMR UVND HJHF NOKM 9ZMF 7NZS,10.33,Entertainment transaction status: Pending. Record updated and logged successfully.,Entertainment withdrawal transaction is awaiting processing approval with account verification and standard banking review.,Pending
8/15/2022,60,Withdrawal,groceries,3708.91,LV75 QNFJ 3FND W1ZL SDRZ O,BR27 1153 6529 9440 6056 3852 591A B,30.66,Groceries transaction status: Pending. Record updated and logged successfully.,Groceries withdrawal transaction is awaiting processing approval with account verification and standard banking review.,Pending
12/28/2020,61,Deposit,utilities,148.53,FR69 4994 8970 65UT DXO5 TUQ0 X92,LI07 9742 53YU QKTS FZAE R,27.97,Utilities transaction status: Pending. Record updated and logged successfully.,Utilities deposit transaction is awaiting processing approval with account verification and standard banking review.,Pending
6/1/2022,62,Transfer,entertainment,3294.61,PS72 PAGF DUCO N1EV O3R3 BO8H KSHM U,GR07 0759 629N DITL QE39 N2JG ADU,39.91,Entertainment transaction status: Pending. Record updated and logged successfully.,Entertainment transfer transaction is awaiting processing approval with account verification and standard banking review.,Pending
1/21/2022,63,Transfer,utilities,420.31,KZ54 6073 VDUQ QNWY A9BU,MU07 YPKG 0809 7507 4214 6586 566G GR,21.37,Utilities transaction status: Completed. Record updated and logged successfully.,Utilities transfer transaction completed successfully with account verification and standard banking review.,Completed
1/9/2022,64,Deposit,utilities,9867.18,TR72 1745 2ZOB SXW4 N5JB T5T7 Y4,BA07 8963 1231 0202 7581,8.01,Utilities transaction status: Failed. Record updated and logged successfully.,Utilities deposit transaction could not be completed successfully with account verification and standard banking review.,Failed
9/23/2022,65,Deposit,groceries,2143.63,AZ08 RBQC LFHN AIDQ QWVE FYKP WMR0,FR47 4044 9716 49KL DMFI AVIL P56,45.16,Groceries transaction status: Failed. Record updated and logged successfully.,Groceries deposit transaction could not be completed successfully with account verification and standard banking review.,Failed
2/23/2021,66,Transfer,entertainment,1200.17,FR95 4532 0788 44WJ CMAP 0GUD B97,AT73 4482 5461 1879 9305,46.62,Entertainment transaction status: Failed. Record updated and logged successfully.,Entertainment transfer transaction could not be completed successfully with account verification and standard banking review.,Failed
9/18/2021,67,Deposit,entertainment,1204.08,PT76 8311 7267 9733 7147 6748 9,ES57 0196 6371 5498 3133 5872,18.61,Entertainment transaction status: Pending. Record updated and logged successfully.,Entertainment deposit transaction is awaiting processing approval with account verification and standard banking review.,Pending
2/3/2021,68,Withdrawal,utilities,9174.28,DK59 7757 1133 9610 31,FR12 1229 2792 63BW O4NZ 0AL1 D01,25.73,Utilities transaction status: Completed. Record updated and logged successfully.,Utilities withdrawal transaction completed successfully with account verification and standard banking review.,Completed
10/12/2022,69,Withdrawal,groceries,4995.4,SA36 87LK Y7XZ UCMR JNP8 NS24,BH23 INAU TJ07 OIQH 410U QB,34.52,Groceries transaction status: Failed. Record updated and logged successfully.,Groceries withdrawal transaction could not be completed successfully with account verification and standard banking review.,Failed
2/3/2021,70,Transfer,entertainment,5206.01,FR75 5357 5250 46IF YBNI FUSD Y80,GI81 IQAV XFKE PJQY EK7K ZBO,16.83,Entertainment transaction status: Pending. Record updated and logged successfully.,Entertainment transfer transaction is awaiting processing approval with account verification and standard banking review.,Pending
11/6/2020,71,Withdrawal,entertainment,3310.75,AZ33 XHQN KAQF JKLE DXE2 OTMD F3ZF,GB30 PBKZ 6090 6029 9927 36,18.11,Entertainment transaction status: Completed. Record updated and logged successfully.,Entertainment withdrawal transaction completed successfully with account verification and standard banking review.,Completed
5/24/2020,72,Transfer,entertainment,6185.09,FR31 1716 2172 247X O3SB 2YN3 Q39,DO84 LUZJ 6977 2671 7947 2688 2756,5.89,Entertainment transaction status: Completed. Record updated and logged successfully.,Entertainment transfer transaction completed successfully with account verification and standard banking review.,Completed
5/28/2022,73,Deposit,groceries,9883.51,MR18 7374 5721 7862 0986 0313 490,AD39 9365 7882 5OKG WDTH 4ZSK,4.76,Groceries transaction status: Pending. Record updated and logged successfully.,Groceries deposit transaction is awaiting processing approval with account verification and standard banking review.,Pending
3/24/2021,74,Transfer,entertainment,4206.43,FO72 5362 6130 0918 09,FO24 6685 0904 8666 69,9.01,Entertainment transaction status: Pending. Record updated and logged successfully.,Entertainment transfer transaction is awaiting processing approval with account verification and standard banking review.,Pending
5/15/2022,75,Transfer,utilities,8015.41,MC52 5852 6846 76BE FZJB HS0J W91,CZ90 8275 1162 9082 0496 3769,46.4,Utilities transaction status: Completed. Record updated and logged successfully.,Utilities transfer transaction completed successfully with account verification and standard banking review.,Completed
9/27/2020,76,Transfer,groceries,7342.88,HR58 3123 9440 1127 9278 3,DE27 3210 9837 4485 2062 36,37.99,Groceries transaction status: Pending. Record updated and logged successfully.,Groceries transfer transaction is awaiting processing approval with account verification and standard banking review.,Pending
6/22/2022,77,Withdrawal,groceries,2412.64,BR27 2635 7781 1608 2284 4679 506R X,FR02 4876 0263 73FR 3QTW N7XT V45,28.28,Groceries transaction status: Pending. Record updated and logged successfully.,Groceries withdrawal transaction is awaiting processing approval with account verification and standard banking review.,Pending
6/18/2022,78,Deposit,groceries,793.85,AT85 6487 3968 6711 0931,EE82 2582 6563 1962 7603,6.77,Groceries transaction status: Completed. Record updated and logged successfully.,Groceries deposit transaction completed successfully with account verification and standard banking review.,Completed
11/19/2022,79,Deposit,utilities,2677.02,FR95 3631 6547 65NC MKT3 RNKI D51,FR83 4429 1045 126Q RNAO FFDJ F87,32.87,Utilities transaction status: Pending. Record updated and logged successfully.,Utilities deposit transaction is awaiting processing approval with account verification and standard banking review.,Pending
12/17/2021,80,Deposit,groceries,5432.95,SM12 W927 1066 8184 E3YI D58I 8WF,AD83 1135 9691 2HVH MPFQ CBCH,22.7,Groceries transaction status: Completed. Record updated and logged successfully.,Groceries deposit transaction completed successfully with account verification and standard banking review.,Completed
11/16/2021,81,Withdrawal,groceries,9272.25,BR70 5448 5430 8523 7172 8605 526Z T,AL19 4110 0280 NNOR HOOH TNXE BNUG,12.1,Groceries transaction status: Failed. Record updated and logged successfully.,Groceries withdrawal transaction could not be completed successfully with account verification and standard banking review.,Failed
1/7/2020,82,Withdrawal,utilities,1379.44,PL15 3392 6784 1633 7252 4759 5621,PL10 1592 0738 4889 8309 2458 9648,21.94,Utilities transaction status: Pending. Record updated and logged successfully.,Utilities withdrawal transaction is awaiting processing approval with account verification and standard banking review.,Pending
6/15/2020,83,Deposit,entertainment,4475.1,NO48 0992 6096 379,LT90 4190 0620 9733 6371,31.74,Entertainment transaction status: Failed. Record updated and logged successfully.,Entertainment deposit transaction could not be completed successfully with account verification and standard banking review.,Failed
12/5/2020,84,Transfer,utilities,1658.74,MC09 9576 9525 44VO MSMZ ZV8J K16,CZ16 5723 2959 3164 4265 1514,28.06,Utilities transaction status: Pending. Record updated and logged successfully.,Utilities transfer transaction is awaiting processing approval with account verification and standard banking review.,Pending
4/26/2021,85,Transfer,groceries,1338.39,MC12 9811 0778 80BF TBJI FRES 568,CR96 1961 8501 1025 4620 0,43.79,Groceries transaction status: Failed. Record updated and logged successfully.,Groceries transfer transaction could not be completed successfully with account verification and standard banking review.,Failed
12/5/2022,86,Deposit,entertainment,4297.5,TN65 1010 8643 9450 6484 9537,DK48 9098 5605 2249 80,3.68,Entertainment transaction status: Pending. Record updated and logged successfully.,Entertainment deposit transaction is awaiting processing approval with account verification and standard banking review.,Pending
12/24/2022,87,Transfer,utilities,4961.35,LT86 2250 3177 2035 2856,CR34 9851 8826 3224 9985 8,24.48,Utilities transaction status: Pending. Record updated and logged successfully.,Utilities transfer transaction is awaiting processing approval with account verification and standard banking review.,Pending
12/21/2022,88,Deposit,entertainment,7638.57,FI57 4313 4030 4967 42,RO52 JDEW KZ9Y DI4A 42ZL 0ULR,16.86,Entertainment transaction status: Pending. Record updated and logged successfully.,Entertainment deposit transaction is awaiting processing approval with account verification and standard banking review.,Pending
11/13/2022,89,Withdrawal,utilities,7940.7,TN30 8358 1029 6066 3613 0494,KW89 JUPS HOYC XPLU O8LS SLXJ 1EX3 WK,41.28,Utilities transaction status: Pending. Record updated and logged successfully.,Utilities withdrawal transaction is awaiting processing approval with account verification and standard banking review.,Pending
7/23/2022,90,Transfer,entertainment,3104.75,IL53 6080 5919 0490 8672 378,GT93 XJG0 ADTW 4MZG OLWZ PSIZ VR0K,31.07,Entertainment transaction status: Pending. Record updated and logged successfully.,Entertainment transfer transaction is awaiting processing approval with account verification and standard banking review.,Pending
6/24/2021,91,Withdrawal,entertainment,9080.58,TN63 9192 9455 6977 2508 6343,SK89 2019 7514 3071 6312 0193,38.75,Entertainment transaction status: Failed. Record updated and logged successfully.,Entertainment withdrawal transaction could not be completed successfully with account verification and standard banking review.,Failed
11/26/2020,92,Deposit,groceries,8590.99,IT86 V214 0469 807U LGJX Z7FB L6P,FR48 7204 9678 90SA RM8V TO9U P67,13.72,Groceries transaction status: Failed. Record updated and logged successfully.,Groceries deposit transaction could not be completed successfully with account verification and standard banking review.,Failed
6/22/2021,93,Withdrawal,utilities,8155.77,GE16 CX22 0385 2128 0550 73,DE24 7308 4841 4730 8719 47,48.64,Utilities transaction status: Failed. Record updated and logged successfully.,Utilities withdrawal transaction could not be completed successfully with account verification and standard banking review.,Failed
5/24/2020,94,Withdrawal,entertainment,7283.09,CY72 1298 4036 9ZBK INHS BZ5O SLHC,MT15 LWCT 2725 1XIM CUD2 DIUK TXZA OND,46.35,Entertainment transaction status: Pending. Record updated and logged successfully.,Entertainment withdrawal transaction is awaiting processing approval with account verification and standard banking review.,Pending
9/17/2020,95,Withdrawal,entertainment,7266.01,FO74 5674 3541 9937 80,BR06 1683 4295 4921 0622 4655 774V V,16.62,Entertainment transaction status: Failed. Record updated and logged successfully.,Entertainment withdrawal transaction could not be completed successfully with account verification and standard banking review.,Failed
6/3/2021,96,Transfer,groceries,1025.53,GB47 QFFQ 0621 7301 2507 99,ME30 4789 2519 3999 1525 62,18.12,Groceries transaction status: Completed. Record updated and logged successfully.,Groceries transfer transaction completed successfully with account verification and standard banking review.,Completed
8/22/2021,97,Withdrawal,groceries,2392.59,FR69 8812 5040 67IQ P0OS GOYR S04,SI22 0594 9759 5511 683,12.29,Groceries transaction status: Pending. Record updated and logged successfully.,Groceries withdrawal transaction is awaiting processing approval with account verification and standard banking review.,Pending
7/14/2022,98,Deposit,groceries,9496.27,BE86 9814 6964 9188,KW34 NBMI PPHF QBAX SHFL V2LF IT2I DQ,10.22,Groceries transaction status: Completed. Record updated and logged successfully.,Groceries deposit transaction completed successfully with account verification and standard banking review.,Completed
1/20/2020,99,Deposit,entertainment,3638.53,FI94 1276 4538 3394 94,MR78 0177 2900 0626 3035 0364 366,29.31,Entertainment transaction status: Failed. Record updated and logged successfully.,Entertainment deposit transaction could not be completed successfully with account verification and standard banking review.,Failed
7/16/2021,100,Deposit,utilities,8305.4,BR55 6359 1891 9772 4094 2736 902Z 3,SI21 7490 5856 7152 704,39.01,Utilities transaction status: Completed. Record updated and logged successfully.,Utilities deposit transaction completed successfully with account verification and standard banking review.,Completed
3/21/2022,101,Deposit,groceries,8645.55,FR48 8449 2697 09XP OAC7 P4SJ V23,BR22 9029 8476 0252 3488 6611 446G Q,7.29,Groceries transaction status: Pending. Record updated and logged successfully.,Groceries deposit transaction is awaiting processing approval with account verification and standard banking review.,Pending
6/22/2020,102,Deposit,groceries,6304.96,FR89 2523 0153 19N3 WKX3 IY4E Q56,GT28 N9CI LYSG EBGF FWZP EHNX LIRC,17.27,Groceries transaction status: Pending. Record updated and logged successfully.,Groceries deposit transaction is awaiting processing approval with account verification and standard banking review.,Pending
6/22/2021,103,Deposit,utilities,692.58,FR93 8729 7697 44PV 7HUI XGHN S82,VG10 ABXH 8988 1303 8400 0893,3.52,Utilities transaction status: Completed. Record updated and logged successfully.,Utilities deposit transaction completed successfully with account verification and standard banking review.,Completed
2/7/2020,104,Transfer,entertainment,4931.96,TN81 7094 7138 8572 2640 2737,AE63 3379 6903 5508 8782 676,22.06,Entertainment transaction status: Pending. Record updated and logged successfully.,Entertainment transfer transaction is awaiting processing approval with account verification and standard banking review.,Pending
5/30/2021,105,Withdrawal,groceries,3180.94,LV92 PCPB BEOL E5I4 B9MY P,NL16 KOOD 6187 2871 32,45.25,Groceries transaction status: Failed. Record updated and logged successfully.,Groceries withdrawal transaction could not be completed successfully with account verification and standard banking review.,Failed
1/22/2022,106,Deposit,entertainment,7815.48,DE20 3600 4779 7071 6876 92,RS46 8762 4613 7195 5744 80,4.53,Entertainment transaction status: Completed. Record updated and logged successfully.,Entertainment deposit transaction completed successfully with account verification and standard banking review.,Completed
7/10/2021,107,Deposit,utilities,7253.49,CR89 9821 4532 1969 3137 4,DO07 NAZ9 2243 7967 8801 0248 4594,16.48,Utilities transaction status: Completed. Record updated and logged successfully.,Utilities deposit transaction completed successfully with account verification and standard banking review.,Completed
6/11/2020,108,Transfer,groceries,567.29,SI93 0978 4774 1604 019,HR28 6110 2992 4698 9661 3,26.9,Groceries transaction status: Completed. Record updated and logged successfully.,Groceries transfer transaction completed successfully with account verification and standard banking review.,Completed
9/22/2021,109,Deposit,entertainment,5365.21,FO15 2833 2267 0152 16,HR08 3785 4157 0120 4573 9,29.09,Entertainment transaction status: Completed. Record updated and logged successfully.,Entertainment deposit transaction completed successfully with account verification and standard banking review.,Completed
11/24/2021,110,Withdrawal,utilities,1852.63,CH22 6909 2LJO 0ESI J5AB X,ES09 1084 4453 9917 6565 5043,47.06,Utilities transaction status: Failed. Record updated and logged successfully.,Utilities withdrawal transaction could not be completed successfully with account verification and standard banking review.,Failed
8/16/2022,111,Withdrawal,entertainment,9610.05,SA93 81LM HHUN EJVR 1MXX NPJQ,AL77 3053 6729 GDIE 6MLH DCPS 6S9V,16.97,Entertainment transaction status: Pending. Record updated and logged successfully.,Entertainment withdrawal transaction is awaiting processing approval with account verification and standard banking review.,Pending
12/7/2022,112,Transfer,entertainment,38.87,GB65 THYH 3829 3649 3814 91,PK61 YPNU XXZM LPC2 0YXM EYHM,8.8,Entertainment transaction status: Completed. Record updated and logged successfully.,Entertainment transfer transaction completed successfully with account verification and standard banking review.,Completed
10/18/2021,113,Deposit,entertainment,7607.61,DE06 6718 1801 5236 3480 05,FO04 8508 2789 7076 98,35.07,Entertainment transaction status: Completed. Record updated and logged successfully.,Entertainment deposit transaction completed successfully with account verification and standard banking review.,Completed
5/16/2020,114,Transfer,entertainment,5608.53,GT03 S3YP 2UKL MQLI OHUP NQB6 QT0N,SE67 7172 5175 1884 9314 6701,36.35,Entertainment transaction status: Pending. Record updated and logged successfully.,Entertainment transfer transaction is awaiting processing approval with account verification and standard banking review.,Pending
11/2/2021,115,Withdrawal,utilities,1381.24,BE62 2057 9676 7182,NL64 EOIC 8515 4478 15,16.9,Utilities transaction status: Failed. Record updated and logged successfully.,Utilities withdrawal transaction could not be completed successfully with account verification and standard banking review.,Failed
11/16/2022,116,Transfer,entertainment,689.62,DE68 6046 1414 3790 5686 47,GL81 7832 9006 6373 43,15.41,Entertainment transaction status: Failed. Record updated and logged successfully.,Entertainment transfer transaction could not be completed successfully with account verification and standard banking review.,Failed
5/25/2021,117,Withdrawal,groceries,8559.11,MK51 523K 9IKQ BDD8 M06,HR24 1512 0163 3140 8787 8,13.24,Groceries transaction status: Completed. Record updated and logged successfully.,Groceries withdrawal transaction completed successfully with account verification and standard banking review.,Completed
3/8/2022,118,Transfer,groceries,7043.13,FR20 0316 3325 29R8 POFY PBUJ V09,NL78 UJDC 4263 0025 88,27.07,Groceries transaction status: Completed. Record updated and logged successfully.,Groceries transfer transaction completed successfully with account verification and standard banking review.,Completed
3/18/2022,119,Transfer,utilities,6713.69,BE82 2331 3983 4631,BR43 9899 7082 6879 2794 6862 778I R,27.83,Utilities transaction status: Failed. Record updated and logged successfully.,Utilities transfer transaction could not be completed successfully with account verification and standard banking review.,Failed
1/2/2022,120,Transfer,entertainment,4372.34,RS32 5899 0829 5191 8876 19,VG18 ECRJ 0867 0061 1164 8125,19.32,Entertainment transaction status: Pending. Record updated and logged successfully.,Entertainment transfer transaction is awaiting processing approval with account verification and standard banking review.,Pending
3/1/2022,121,Transfer,utilities,2766.34,PS78 JTHQ FS4Z KPRB QYYX HBUZ FX0C 4,MK28 700C SRUS V659 E33,11.51,Utilities transaction status: Pending. Record updated and logged successfully.,Utilities transfer transaction is awaiting processing approval with account verification and standard banking review.,Pending
4/11/2021,122,Deposit,groceries,4845.86,CR84 7760 9277 5285 8557 2,ME74 6038 7031 8742 9252 56,27.82,Groceries transaction status: Completed. Record updated and logged successfully.,Groceries deposit transaction completed successfully with account verification and standard banking review.,Completed
6/17/2022,123,Deposit,entertainment,5128.98,FR19 8064 5726 14IE C0YH S9GI 269,MT22 LXWW 1333 7QME CJHP KIQL LW35 KAT,38.92,Entertainment transaction status: Failed. Record updated and logged successfully.,Entertainment deposit transaction could not be completed successfully with account verification and standard banking review.,Failed
12/9/2021,124,Deposit,entertainment,859.56,TR10 4464 3TJU 3I1M MYHP F4MQ KJ,BH33 ICXP WJFY XFX9 HXAX JE,2.85,Entertainment transaction status: Completed. Record updated and logged successfully.,Entertainment deposit transaction completed successfully with account verification and standard banking review.,Completed
4/17/2020,125,Transfer,entertainment,4730.27,MK48 490G DUNU 1W1K Y62,LU24 925I ULXQ D6S0 BAC4,10.56,Entertainment transaction status: Completed. Record updated and logged successfully.,Entertainment transfer transaction completed successfully with account verification and standard banking review.,Completed
7/25/2020,126,Withdrawal,utilities,4177.22,NL57 DLSP 5552 4278 92,FR58 8523 6558 23G6 KKZB WT3T S72,31.71,Utilities transaction status: Completed. Record updated and logged successfully.,Utilities withdrawal transaction completed successfully with account verification and standard banking review.,Completed
1/25/2021,127,Withdrawal,groceries,9622.97,MC53 6502 9009 80NZ HE8Q GEQ6 V95,FR18 6624 2027 31BM H1S1 XBHL 663,16.89,Groceries transaction status: Failed. Record updated and logged successfully.,Groceries withdrawal transaction could not be completed successfully with account verification and standard banking review.,Failed
8/13/2020,128,Transfer,groceries,5018.87,SK17 6627 0169 3452 8718 5114,FR93 4285 8465 96LI ABV0 LPQM C25,25.07,Groceries transaction status: Pending. Record updated and logged successfully.,Groceries transfer transaction is awaiting processing approval with account verification and standard banking review.,Pending
2/17/2020,129,Deposit,utilities,2528.59,MT40 TAQI 9241 0JFV CSFO QBTP NAZP IC9,FR56 6347 6525 87QM GRAE DETS Y46,42.97,Utilities transaction status: Completed. Record updated and logged successfully.,Utilities deposit transaction completed successfully with account verification and standard banking review.,Completed
3/1/2022,130,Deposit,groceries,3106.96,MK88 135G 9XDH RLJN Y32,DE06 7941 9510 5823 0527 50,35.5,Groceries transaction status: Pending. Record updated and logged successfully.,Groceries deposit transaction is awaiting processing approval with account verification and standard banking review.,Pending
6/27/2020,131,Withdrawal,entertainment,2103.07,BE68 3645 8453 5077,GB27 AACE 4463 7012 0890 47,12.49,Entertainment transaction status: Pending. Record updated and logged successfully.,Entertainment withdrawal transaction is awaiting processing approval with account verification and standard banking review.,Pending
11/3/2022,132,Transfer,utilities,9559.87,MK75 038V FVXE 1VAJ W94,LB86 0917 LWGU ZHFL DBQM UTBE IDIB,23.86,Utilities transaction status: Failed. Record updated and logged successfully.,Utilities transfer transaction could not be completed successfully with account verification and standard banking review.,Failed
12/10/2022,133,Transfer,groceries,1206.26,CR84 6741 5980 3291 4719 2,MD09 F5JX MCTF HPFA PRNP GBTM,42.74,Groceries transaction status: Failed. Record updated and logged successfully.,Groceries transfer transaction could not be completed successfully with account verification and standard banking review.,Failed
3/9/2021,134,Deposit,groceries,4451.71,ME15 4931 4310 1630 2318 96,FR22 0002 4938 70HA 1AQE UCLB Q73,25.32,Groceries transaction status: Completed. Record updated and logged successfully.,Groceries deposit transaction completed successfully with account verification and standard banking review.,Completed
6/1/2020,135,Withdrawal,utilities,9738.31,TR23 9006 5FB2 YO2I 394D PRVY MR,IT56 J726 3417 579Q Z13J L3ME UIF,45.53,Utilities transaction status: Failed. Record updated and logged successfully.,Utilities withdrawal transaction could not be completed successfully with account verification and standard banking review.,Failed
4/7/2020,136,Withdrawal,utilities,1912.72,RO38 JJZX SE5I U8ZK EU42 8VQL,FR76 1724 2456 73L3 RER4 UMQD V72,17.84,Utilities transaction status: Failed. Record updated and logged successfully.,Utilities withdrawal transaction could not be completed successfully with account verification and standard banking review.,Failed
5/19/2022,137,Deposit,groceries,6333.69,GI05 ULFY KZPV 1EU1 IPMB KB7,FR60 4834 3300 12YD 6NFV AU2H L41,44.79,Groceries transaction status: Failed. Record updated and logged successfully.,Groceries deposit transaction could not be completed successfully with account verification and standard banking review.,Failed
7/8/2022,138,Deposit,entertainment,3565.12,AD77 6730 9621 GBH9 KR2G ICYS,LV11 PHFA HNIH JJWN U6B2 4,4.91,Entertainment transaction status: Completed. Record updated and logged successfully.,Entertainment deposit transaction completed successfully with account verification and standard banking review.,Completed
11/23/2021,139,Withdrawal,groceries,7198.77,LB28 9312 SNFY BCYZ HADV 8RBY E2BF,SA87 85AU JFEG ZCU9 QYXR LJXF,34.65,Groceries transaction status: Failed. Record updated and logged successfully.,Groceries withdrawal transaction could not be completed successfully with account verification and standard banking review.,Failed
3/2/2021,140,Transfer,groceries,7000.68,FR78 1120 2773 33OJ O0XV AXFY I83,FR51 6211 5126 04KG VWSN D9SU K44,17.41,Groceries transaction status: Completed. Record updated and logged successfully.,Groceries transfer transaction completed successfully with account verification and standard banking review.,Completed
7/5/2022,141,Withdrawal,groceries,5628.53,ES06 4186 1601 4771 8917 2995,BA37 6796 9530 4927 0204,28.38,Groceries transaction status: Pending. Record updated and logged successfully.,Groceries withdrawal transaction is awaiting processing approval with account verification and standard banking review.,Pending
3/23/2021,142,Transfer,entertainment,5858.6,SA14 18DM NLR3 WGR4 DDF2 ADT9,PS94 EKNZ AOLN EXXW VKCB UQPT CC3D 0,28.46,Entertainment transaction status: Failed. Record updated and logged successfully.,Entertainment transfer transaction could not be completed successfully with account verification and standard banking review.,Failed
1/4/2021,143,Deposit,groceries,4468.85,BE84 8181 9850 8338,FR97 3408 7797 49PB KO9I MPHB C72,34.77,Groceries transaction status: Failed. Record updated and logged successfully.,Groceries deposit transaction could not be completed successfully with account verification and standard banking review.,Failed
3/20/2021,144,Deposit,utilities,6993.67,BH89 QSTN GZOB 0NVH NQAU HD,IT13 V944 6087 699J PCMB BPOG FTR,25.18,Utilities transaction status: Completed. Record updated and logged successfully.,Utilities deposit transaction completed successfully with account verification and standard banking review.,Completed
12/11/2022,145,Deposit,utilities,6151.56,KZ93 887O KZP6 3OSH XMDC,FR65 4274 0789 58HC DXXR 0SRA C37,2.6,Utilities transaction status: Pending. Record updated and logged successfully.,Utilities deposit transaction is awaiting processing approval with account verification and standard banking review.,Pending
4/20/2020,146,Withdrawal,entertainment,7192.48,FR03 4483 5559 71LS IY1T PUSG L37,DE31 5070 3332 6664 0357 56,25.22,Entertainment transaction status: Failed. Record updated and logged successfully.,Entertainment withdrawal transaction could not be completed successfully with account verification and standard banking review.,Failed
9/1/2021,147,Withdrawal,entertainment,6472.4,LV30 HCQE LN1F YUJS GCMC 6,LB62 4972 ZMSJ AZH3 KBPT AVJP OXNU,32.51,Entertainment transaction status: Failed. Record updated and logged successfully.,Entertainment withdrawal transaction could not be completed successfully with account verification and standard banking review.,Failed
1/4/2022,148,Transfer,groceries,5891.45,ME34 0592 6307 8782 4507 97,IE26 JJGH 9888 1311 6549 80,20.2,Groceries transaction status: Pending. Record updated and logged successfully.,Groceries transfer transaction is awaiting processing approval with account verification and standard banking review.,Pending
8/31/2022,149,Transfer,utilities,4919.33,DE36 7919 6617 0226 5257 99,IS50 6987 9113 3820 7646 3275 96,41.32,Utilities transaction status: Failed. Record updated and logged successfully.,Utilities transfer transaction could not be completed successfully with account verification and standard banking review.,Failed
8/10/2022,150,Withdrawal,utilities,8550.95,RO05 FHUS J817 PKOC ACCP YO7H,GL66 5131 4541 0437 07,45.71,Utilities transaction status: Pending. Record updated and logged successfully.,Utilities withdrawal transaction is awaiting processing approval with account verification and standard banking review.,Pending
1/3/2022,151,Withdrawal,utilities,3326.32,TR98 8847 37NC FIYN LZKN PFAI SJ,FR05 1600 9482 789T YUJ2 XJH4 G12,8.73,Utilities transaction status: Failed. Record updated and logged successfully.,Utilities withdrawal transaction could not be completed successfully with account verification and standard banking review.,Failed
8/20/2022,152,Withdrawal,utilities,1540.71,MD30 FRKH S43L TQHZ DQ3S 8LWQ,CY67 3391 2534 ZGN6 GSFV L2KO XBGJ,37.4,Utilities transaction status: Completed. Record updated and logged successfully.,Utilities withdrawal transaction completed successfully with account verification and standard banking review.,Completed
11/16/2022,153,Deposit,entertainment,60.88,DE15 0858 0634 5098 8526 10,MT12 ZBTC 4491 9MPV JQJU LEMU U59Z RVK,42.41,Entertainment transaction status: Pending. Record updated and logged successfully.,Entertainment deposit transaction is awaiting processing approval with account verification and standard banking review.,Pending
3/29/2020,154,Deposit,groceries,4615.37,MC91 4278 1005 83CC UGBR BHUG T45,FR98 8645 6384 05GW J3ID FSXS C12,13.61,Groceries transaction status: Failed. Record updated and logged successfully.,Groceries deposit transaction could not be completed successfully with account verification and standard banking review.,Failed
3/5/2022,155,Transfer,groceries,4729.91,LI84 3989 0HPF DOYV 8KOS W,FO39 3994 2252 8445 89,1.95,Groceries transaction status: Pending. Record updated and logged successfully.,Groceries transfer transaction is awaiting processing approval with account verification and standard banking review.,Pending
11/12/2022,156,Transfer,utilities,7265.19,FR42 8021 7227 50WM GPVS UROR 789,SA32 83WQ VUVR O2IP RMGQ NGYF,3.02,Utilities transaction status: Completed. Record updated and logged successfully.,Utilities transfer transaction completed successfully with account verification and standard banking review.,Completed
12/9/2022,157,Withdrawal,utilities,4384.39,BH30 BAQG 3BZO 2O9T TZAV NG,ME58 6823 5714 5238 6555 65,11.39,Utilities transaction status: Completed. Record updated and logged successfully.,Utilities withdrawal transaction completed successfully with account verification and standard banking review.,Completed
11/12/2021,158,Deposit,groceries,4630.61,IL53 1885 3775 8636 8703 051,IE73 KTTI 9103 9951 0186 69,36.61,Groceries transaction status: Completed. Record updated and logged successfully.,Groceries deposit transaction completed successfully with account verification and standard banking review.,Completed
12/8/2021,159,Withdrawal,groceries,5059.12,IE77 JKDB 4588 9214 3948 58,KZ80 902M ZCJJ RAK1 PQJQ,49.17,Groceries transaction status: Failed. Record updated and logged successfully.,Groceries withdrawal transaction could not be completed successfully with account verification and standard banking review.,Failed
9/19/2021,160,Withdrawal,groceries,476.89,SK88 4873 3640 3187 6362 3043,DO93 3SQY 2805 4410 6600 6806 7280,19.07,Groceries transaction status: Completed. Record updated and logged successfully.,Groceries withdrawal transaction completed successfully with account verification and standard banking review.,Completed
6/23/2021,161,Deposit,entertainment,1298.09,DE84 0327 8549 2569 0526 49,FR11 7059 6484 15SH YXAA OD0C E75,31.92,Entertainment transaction status: Pending. Record updated and logged successfully.,Entertainment deposit transaction is awaiting processing approval with account verification and standard banking review.,Pending
8/7/2022,162,Withdrawal,utilities,331.34,MT15 ZQWI 5549 3EI0 7BDI A5EE 6QFD GLP,LV65 RGTN NHMC GR6T NVZV C,2.09,Utilities transaction status: Completed. Record updated and logged successfully.,Utilities withdrawal transaction completed successfully with account verification and standard banking review.,Completed
11/12/2021,163,Withdrawal,utilities,4834.36,HU80 1178 8209 2367 7859 7248 9647,CY40 7503 3294 QF25 QLE5 8VZE SY3D,43.81,Utilities transaction status: Pending. Record updated and logged successfully.,Utilities withdrawal transaction is awaiting processing approval with account verification and standard banking review.,Pending
4/17/2021,164,Transfer,utilities,4115.42,VG16 HTNJ 0425 1122 8283 5001,FR73 3046 5881 99JN O22B JS5K Y30,40.35,Utilities transaction status: Pending. Record updated and logged successfully.,Utilities transfer transaction is awaiting processing approval with account verification and standard banking review.,Pending
7/4/2021,165,Transfer,groceries,9734.28,FR27 3489 5641 06DO HOXS ZOQL X53,NO56 4812 5304 425,35.38,Groceries transaction status: Completed. Record updated and logged successfully.,Groceries transfer transaction completed successfully with account verification and standard banking review.,Completed
3/2/2022,166,Deposit,utilities,9493.59,KZ78 110T WYOU Q5ER HNZT,IE88 CUEY 5199 6292 4174 14,9.49,Utilities transaction status: Pending. Record updated and logged successfully.,Utilities deposit transaction is awaiting processing approval with account verification and standard banking review.,Pending
9/19/2020,167,Deposit,entertainment,1341.09,FR92 3283 8386 603V DBCJ 6QEN G60,CZ44 9379 9623 9187 1324 1348,33.37,Entertainment transaction status: Failed. Record updated and logged successfully.,Entertainment deposit transaction could not be completed successfully with account verification and standard banking review.,Failed
6/9/2021,168,Transfer,groceries,3172.58,CY48 6823 1703 YFL2 FWQK XKWV DVVQ,FR72 8062 2364 92OG S0LL NKVP U90,0.25,Groceries transaction status: Completed. Record updated and logged successfully.,Groceries transfer transaction completed successfully with account verification and standard banking review.,Completed
1/19/2021,169,Transfer,entertainment,6516.45,GI06 AEKY 2HSO YUAM NMJR FPG,HR04 0269 9281 4821 1980 7,33.36,Entertainment transaction status: Completed. Record updated and logged successfully.,Entertainment transfer transaction completed successfully with account verification and standard banking review.,Completed
1/9/2021,170,Deposit,groceries,4568.17,CH44 4083 5FIP M7A5 CUQV Z,IS12 9727 7559 4372 5096 2310 88,28.27,Groceries transaction status: Pending. Record updated and logged successfully.,Groceries deposit transaction is awaiting processing approval with account verification and standard banking review.,Pending
4/12/2021,171,Withdrawal,utilities,7223.98,DE20 0646 6300 3126 2173 19,GL63 5415 9291 0049 00,43.77,Utilities transaction status: Failed. Record updated and logged successfully.,Utilities withdrawal transaction could not be completed successfully with account verification and standard banking review.,Failed
10/9/2021,172,Withdrawal,groceries,1763.16,CR89 9186 8798 1451 4713 8,LU29 4115 FONW NRPR DR1A,27.55,Groceries transaction status: Completed. Record updated and logged successfully.,Groceries withdrawal transaction completed successfully with account verification and standard banking review.,Completed
7/8/2022,173,Deposit,groceries,5209.55,CY69 2095 2357 DEEU R52E ZZ5C W1GF,PS22 GAWE 3WKH PX9N 531J 4QCJ LDGT G,29.72,Groceries transaction status: Completed. Record updated and logged successfully.,Groceries deposit transaction completed successfully with account verification and standard banking review.,Completed
4/15/2021,174,Transfer,entertainment,1731.33,LI38 9134 5GL7 HUOZ 9O7E R,CH64 7853 3MZP IR6E TKZK W,27.94,Entertainment transaction status: Pending. Record updated and logged successfully.,Entertainment transfer transaction is awaiting processing approval with account verification and standard banking review.,Pending
1/15/2020,175,Withdrawal,entertainment,4270.21,FR84 8881 5951 25VH KCMW TVYN I96,LI36 1633 5KHZ PHJR I8C9 Y,26.51,Entertainment transaction status: Failed. Record updated and logged successfully.,Entertainment withdrawal transaction could not be completed successfully with account verification and standard banking review.,Failed
2/12/2021,176,Deposit,entertainment,5475.28,BR21 7293 5508 0304 4940 2122 875I G,LI14 7703 8I7E JNFT XEWH W,20.47,Entertainment transaction status: Failed. Record updated and logged successfully.,Entertainment deposit transaction could not be completed successfully with account verification and standard banking review.,Failed
8/31/2022,177,Withdrawal,utilities,5471.83,FR97 4516 4737 21WU CLD3 OEFZ 248,CR75 0379 6368 7381 2766 0,0.01,Utilities transaction status: Completed. Record updated and logged successfully.,Utilities withdrawal transaction completed successfully with account verification and standard banking review.,Completed
5/2/2020,178,Withdrawal,utilities,2378.21,FR55 7928 3698 71WP TQ0N LGQJ X90,GL24 4993 4918 5902 60,23.9,Utilities transaction status: Completed. Record updated and logged successfully.,Utilities withdrawal transaction completed successfully with account verification and standard banking review.,Completed
1/8/2021,179,Transfer,entertainment,1183.41,FR52 8631 5995 972V OK4I 6F8N F42,LB36 0691 5YRR G1ZT FQIZ Y30T M5LG,16.42,Entertainment transaction status: Pending. Record updated and logged successfully.,Entertainment transfer transaction is awaiting processing approval with account verification and standard banking review.,Pending
9/6/2022,180,Deposit,utilities,6417.62,CY68 7055 1498 UVYB GUUO TJGY 2BQ1,FR30 8325 8820 96OD UMBG EASO Q37,10.72,Utilities transaction status: Pending. Record updated and logged successfully.,Utilities deposit transaction is awaiting processing approval with account verification and standard banking review.,Pending
5/2/2022,181,Deposit,entertainment,5723.23,FR10 2901 0151 133M 8OIA H8KH Q39,AZ34 FOIF M54M OMV9 46NI J46R 8CP9,39.0,Entertainment transaction status: Failed. Record updated and logged successfully.,Entertainment deposit transaction could not be completed successfully with account verification and standard banking review.,Failed
2/27/2021,182,Transfer,utilities,3151.14,BR41 8594 2336 3898 3097 4325 409V 3,SE14 5984 1614 4044 8651 3359,9.44,Utilities transaction status: Pending. Record updated and logged successfully.,Utilities transfer transaction is awaiting processing approval with account verification and standard banking review.,Pending
8/29/2020,183,Withdrawal,utilities,4227.07,KW38 JUCQ 1IJS NXDI KNRP JSS5 DXZ3 PY,AT61 3111 7231 4118 8252,37.13,Utilities transaction status: Failed. Record updated and logged successfully.,Utilities withdrawal transaction could not be completed successfully with account verification and standard banking review.,Failed
4/10/2022,184,Deposit,groceries,812.06,TN88 3015 7321 8607 4341 2302,FO74 2758 4384 6646 96,0.44,Groceries transaction status: Failed. Record updated and logged successfully.,Groceries deposit transaction could not be completed successfully with account verification and standard banking review.,Failed
10/30/2021,185,Withdrawal,groceries,4499.1,DO75 8Y3O 0858 8919 8159 5988 1481,AE97 6919 0347 1435 9000 497,22.32,Groceries transaction status: Failed. Record updated and logged successfully.,Groceries withdrawal transaction could not be completed successfully with account verification and standard banking review.,Failed
1/11/2022,186,Withdrawal,groceries,521.86,LT11 9769 0799 3660 8300,FR36 9954 2169 27TB WBRG CKQR Z05,44.79,Groceries transaction status: Failed. Record updated and logged successfully.,Groceries withdrawal transaction could not be completed successfully with account verification and standard banking review.,Failed
8/17/2021,187,Withdrawal,entertainment,9200.31,AT27 6562 5929 1528 7863,MC60 2988 3017 50JG JXFF PEXE 707,8.72,Entertainment transaction status: Pending. Record updated and logged successfully.,Entertainment withdrawal transaction is awaiting processing approval with account verification and standard banking review.,Pending
12/11/2022,188,Deposit,entertainment,9.68,NO40 7954 8740 184,MD97 SLVA LYIM AKF1 U7CV GMAX,7.78,Entertainment transaction status: Failed. Record updated and logged successfully.,Entertainment deposit transaction could not be completed successfully with account verification and standard banking review.,Failed
1/7/2020,189,Transfer,entertainment,5111.83,FR84 0706 2336 57ZK XQ1H NVTN Q16,AT32 4923 8852 0887 4229,38.51,Entertainment transaction status: Pending. Record updated and logged successfully.,Entertainment transfer transaction is awaiting processing approval with account verification and standard banking review.,Pending
4/30/2020,190,Transfer,entertainment,5915.17,IT33 H333 7686 8145 PUWK 4PC1 C4S,KW06 SWNS BZQB SSRH L89Q HLHF PBX0 AE,44.72,Entertainment transaction status: Failed. Record updated and logged successfully.,Entertainment transfer transaction could not be completed successfully with account verification and standard banking review.,Failed
1/29/2022,191,Withdrawal,utilities,7068.21,AT28 1488 8985 0682 5812,LB50 1181 2AYE 8ABD 77RJ 3D0T ZGB0,10.89,Utilities transaction status: Completed. Record updated and logged successfully.,Utilities withdrawal transaction completed successfully with account verification and standard banking review.,Completed
9/19/2020,192,Withdrawal,groceries,263.31,AZ56 IJKQ LIN1 LGJG SZTD VI6M YUX1,MU63 MZZK 5265 4273 4790 8075 187S VU,9.05,Groceries transaction status: Completed. Record updated and logged successfully.,Groceries withdrawal transaction completed successfully with account verification and standard banking review.,Completed
5/6/2022,193,Transfer,groceries,9494.79,FR51 7432 1280 80YX V9SP MYTK L45,CR95 5811 5264 1998 1687 3,18.23,Groceries transaction status: Completed. Record updated and logged successfully.,Groceries transfer transaction completed successfully with account verification and standard banking review.,Completed
10/8/2022,194,Deposit,utilities,882.96,IS28 7172 1743 3905 4975 3095 33,BA43 4416 8848 9447 9013,21.39,Utilities transaction status: Pending. Record updated and logged successfully.,Utilities deposit transaction is awaiting processing approval with account verification and standard banking review.,Pending
2/12/2021,195,Withdrawal,groceries,1731.41,AE38 8141 6880 4040 9285 993,DO90 VVDR 0524 5497 6521 5550 9905,4.08,Groceries transaction status: Failed. Record updated and logged successfully.,Groceries withdrawal transaction could not be completed successfully with account verification and standard banking review.,Failed
1/7/2022,196,Transfer,groceries,934.67,FR20 6484 4036 24DG SNMJ D0RC G80,LI94 5384 9JCL R1QG 2SH7 U,49.07,Groceries transaction status: Failed. Record updated and logged successfully.,Groceries transfer transaction could not be completed successfully with account verification and standard banking review.,Failed
9/18/2021,197,Withdrawal,groceries,7402.92,IE38 BKSR 9731 7222 4998 50,IS66 1330 9599 0646 1785 7789 08,7.92,Groceries transaction status: Failed. Record updated and logged successfully.,Groceries withdrawal transaction could not be completed successfully with account verification and standard banking review.,Failed
9/18/2022,198,Deposit,entertainment,2635.55,LV77 QGHO REL0 ZAVL 0ST9 R,KZ02 726O MVOM BVXF CA1I,26.7,Entertainment transaction status: Completed. Record updated and logged successfully.,Entertainment deposit transaction completed successfully with account verification and standard banking review.,Completed
8/12/2022,199,Withdrawal,utilities,9767.78,AL14 7792 6011 Z1FP RRFZ KMAE WJS9,RO49 DBTI OLHE IXUH ZCP8 U7FX,48.21,Utilities transaction status: Completed. Record updated and logged successfully.,Utilities withdrawal transaction completed successfully with account verification and standard banking review.,Completed
5/8/2020,200,Withdrawal,entertainment,4819.62,FR95 6669 6040 13CK JJIC QYGC M61,FR40 4322 9698 354S 8DDW SX5X Y15,1.03,Entertainment transaction status: Failed. Record updated and logged successfully.,Entertainment withdrawal transaction could not be completed successfully with account verification and standard banking review.,Failed
4/17/2021,201,Transfer,entertainment,5465.0,SK54 2338 0214 6841 9219 3163,IS98 3528 6427 9002 6233 2063 48,7.26,Entertainment transaction status: Failed. Record updated and logged successfully.,Entertainment transfer transaction could not be completed successfully with account verification and standard banking review.,Failed
3/4/2021,202,Transfer,groceries,594.05,NL05 YEIF 3850 7395 54,FI95 8326 0094 5081 25,26.06,Groceries transaction status: Failed. Record updated and logged successfully.,Groceries transfer transaction could not be completed successfully with account verification and standard banking review.,Failed
7/3/2020,203,Withdrawal,entertainment,5878.69,BH84 OJGZ S5YT 29GE AFCG 0I,FR92 9756 5138 71WD HDWK BRYK M18,46.55,Entertainment transaction status: Failed. Record updated and logged successfully.,Entertainment withdrawal transaction could not be completed successfully with account verification and standard banking review.,Failed
8/26/2021,204,Deposit,utilities,3914.83,LI59 1342 3IUD BIBH LPI5 I,RO09 VOVT Q5LS WKZS XRKX FEKM,28.84,Utilities transaction status: Failed. Record updated and logged successfully.,Utilities deposit transaction could not be completed successfully with account verification and standard banking review.,Failed
11/11/2020,205,Deposit,utilities,8157.54,GB83 PGCN 0170 5228 8340 17,MT41 QGAJ 7471 4KSL TTKV A8GL 1APO FRJ,23.7,Utilities transaction status: Completed. Record updated and logged successfully.,Utilities deposit transaction completed successfully with account verification and standard banking review.,Completed
4/8/2021,206,Transfer,groceries,4254.96,CH79 3579 4MQO R900 1ABA 2,RS49 2905 7417 3441 3464 46,13.4,Groceries transaction status: Failed. Record updated and logged successfully.,Groceries transfer transaction could not be completed successfully with account verification and standard banking review.,Failed
12/19/2021,207,Transfer,utilities,3238.8,FO90 4540 0347 9465 34,FR65 3937 8177 60NO HVKH OS0B P22,45.07,Utilities transaction status: Completed. Record updated and logged successfully.,Utilities transfer transaction completed successfully with account verification and standard banking review.,Completed
8/25/2021,208,Deposit,utilities,2499.42,MU31 VZIB 9292 8898 4132 9394 635T GO,PL13 7442 5926 0051 3313 3684 4100,10.07,Utilities transaction status: Completed. Record updated and logged successfully.,Utilities deposit transaction completed successfully with account verification and standard banking review.,Completed
1/11/2021,209,Deposit,entertainment,7977.93,BR35 3891 2304 5968 2502 8700 230G I,HU32 4676 2469 6949 2395 2129 4708,38.79,Entertainment transaction status: Pending. Record updated and logged successfully.,Entertainment deposit transaction is awaiting processing approval with account verification and standard banking review.,Pending
7/11/2021,210,Withdrawal,entertainment,6118.04,MT67 YBQU 6179 7BMT YKD4 NWOR SABA 2SH,FR46 7440 0710 94VK YXJJ KROZ U37,12.26,Entertainment transaction status: Pending. Record updated and logged successfully.,Entertainment withdrawal transaction is awaiting processing approval with account verification and standard banking review.,Pending
8/21/2022,211,Transfer,entertainment,6531.07,FR26 1032 2083 61NQ RH7E LB7I H88,DE36 5660 8921 3414 5529 63,32.12,Entertainment transaction status: Completed. Record updated and logged successfully.,Entertainment transfer transaction completed successfully with account verification and standard banking review.,Completed
3/24/2022,212,Deposit,groceries,8371.06,FI23 8326 5373 7073 58,FR59 0894 6016 84LU HISE CZXF K07,39.52,Groceries transaction status: Pending. Record updated and logged successfully.,Groceries deposit transaction is awaiting processing approval with account verification and standard banking review.,Pending
1/15/2021,213,Transfer,groceries,4250.06,FO48 6563 8623 9266 72,ME86 9217 5361 0440 2378 43,15.88,Groceries transaction status: Pending. Record updated and logged successfully.,Groceries transfer transaction is awaiting processing approval with account verification and standard banking review.,Pending
8/28/2022,214,Transfer,groceries,1841.41,AZ13 XZLJ 7JJK 1NWN LJW3 WEYX FA6R,MU05 YYXD 7957 9638 9019 4463 501V UW,19.59,Groceries transaction status: Failed. Record updated and logged successfully.,Groceries transfer transaction could not be completed successfully with account verification and standard banking review.,Failed
3/10/2022,215,Deposit,utilities,2398.97,ES26 0636 9913 1939 6121 7565,MT26 PXRM 8618 5CO5 RJ3M YCDX BPQ7 JDL,30.06,Utilities transaction status: Completed. Record updated and logged successfully.,Utilities deposit transaction completed successfully with account verification and standard banking review.,Completed
4/15/2020,216,Withdrawal,entertainment,3238.09,SI60 5010 8043 3273 099,MD81 50XB KNSV NUEH Y4FD R9TP,12.36,Entertainment transaction status: Completed. Record updated and logged successfully.,Entertainment withdrawal transaction completed successfully with account verification and standard banking review.,Completed
1/28/2022,217,Withdrawal,entertainment,7554.33,AL57 2409 4140 SULF IPOB S5QC 7C8X,PL13 9352 1982 5335 9642 1688 9428,43.53,Entertainment transaction status: Failed. Record updated and logged successfully.,Entertainment withdrawal transaction could not be completed successfully with account verification and standard banking review.,Failed
1/1/2021,218,Transfer,groceries,7976.73,FR45 0868 1374 00MV ZHVG K5QW 176,FO83 5387 4811 2921 60,18.54,Groceries transaction status: Failed. Record updated and logged successfully.,Groceries transfer transaction could not be completed successfully with account verification and standard banking review.,Failed
10/19/2020,219,Deposit,utilities,6894.74,CH64 9750 8PAR RT8Q PTQA B,LT70 3737 3277 2247 1527,8.28,Utilities transaction status: Failed. Record updated and logged successfully.,Utilities deposit transaction could not be completed successfully with account verification and standard banking review.,Failed
4/30/2022,220,Withdrawal,entertainment,4471.28,AL82 3746 5396 GKSO BPVI KGC0 VM5Z,MU11 ZJGU 7089 7045 3446 7296 995D VQ,12.69,Entertainment transaction status: Failed. Record updated and logged successfully.,Entertainment withdrawal transaction could not be completed successfully with account verification and standard banking review.,Failed
6/7/2020,221,Deposit,groceries,6797.5,ME32 9077 0287 8120 9169 34,KZ64 0733 7HGR 4BDJ L79E,37.46,Groceries transaction status: Completed. Record updated and logged successfully.,Groceries deposit transaction completed successfully with account verification and standard banking review.,Completed
8/20/2021,222,Withdrawal,entertainment,1041.56,FR39 7749 7694 992D WAJV ZLOV X27,AE67 2350 1765 9396 5168 961,26.78,Entertainment transaction status: Pending. Record updated and logged successfully.,Entertainment withdrawal transaction is awaiting processing approval with account verification and standard banking review.,Pending
1/7/2021,223,Transfer,groceries,226.82,PS83 PKXG XI8Q QKZY I054 L78G 7LDD C,PK30 ICZR TB6F EOAS FVZT Z6JH,31.74,Groceries transaction status: Pending. Record updated and logged successfully.,Groceries transfer transaction is awaiting processing approval with account verification and standard banking review.,Pending
5/2/2021,224,Withdrawal,entertainment,2838.27,FR60 8480 5998 99VG DG72 AECE W94,FR05 1465 7279 21AE 8TE4 BTRJ K22,17.64,Entertainment transaction status: Failed. Record updated and logged successfully.,Entertainment withdrawal transaction could not be completed successfully with account verification and standard banking review.,Failed
4/15/2022,225,Deposit,entertainment,2585.63,PL89 9330 7000 5316 7519 1491 0500,ES03 9698 0867 9027 4211 8178,4.97,Entertainment transaction status: Completed. Record updated and logged successfully.,Entertainment deposit transaction completed successfully with account verification and standard banking review.,Completed
9/9/2022,226,Withdrawal,utilities,9176.7,IT96 L992 4828 808G 3BHF YYBU 3YY,LV45 JLDS MVHR LUYW ATYW A,44.99,Utilities transaction status: Failed. Record updated and logged successfully.,Utilities withdrawal transaction could not be completed successfully with account verification and standard banking review.,Failed
7/28/2020,227,Withdrawal,utilities,2908.89,GB18 QOIT 6254 3284 1852 43,CY16 2154 0005 QIT6 6VGD 4DH2 MTOP,35.35,Utilities transaction status: Completed. Record updated and logged successfully.,Utilities withdrawal transaction completed successfully with account verification and standard banking review.,Completed
5/6/2021,228,Transfer,utilities,6745.51,GL10 7714 8185 1836 07,NL66 FVYV 7690 1145 19,19.29,Utilities transaction status: Failed. Record updated and logged successfully.,Utilities transfer transaction could not be completed successfully with account verification and standard banking review.,Failed
4/17/2020,229,Withdrawal,utilities,5374.25,ME45 7818 6388 4520 9092 33,PS53 PTOK BZTN SUY5 2PSV LIAZ KOSX D,32.74,Utilities transaction status: Pending. Record updated and logged successfully.,Utilities withdrawal transaction is awaiting processing approval with account verification and standard banking review.,Pending
8/30/2020,230,Withdrawal,groceries,1580.92,FO06 7739 9926 2950 12,NO70 1990 4230 970,0.08,Groceries transaction status: Failed. Record updated and logged successfully.,Groceries withdrawal transaction could not be completed successfully with account verification and standard banking review.,Failed
5/2/2021,231,Deposit,utilities,5726.1,AD14 6948 2012 NXKL TAUG WEYI,IE22 KXXU 4665 1782 6556 10,1.25,Utilities transaction status: Completed. Record updated and logged successfully.,Utilities deposit transaction completed successfully with account verification and standard banking review.,Completed
6/21/2021,232,Withdrawal,groceries,9842.51,AT09 2340 2218 7723 1724,MR85 4902 6575 7411 3557 5677 927,8.93,Groceries transaction status: Completed. Record updated and logged successfully.,Groceries withdrawal transaction completed successfully with account verification and standard banking review.,Completed
4/26/2020,233,Deposit,groceries,5590.22,VG02 MFDZ 3820 6620 4300 2890,FR12 6904 3971 87FV 9K3B OQLC G64,36.21,Groceries transaction status: Pending. Record updated and logged successfully.,Groceries deposit transaction is awaiting processing approval with account verification and standard banking review.,Pending
4/30/2020,234,Withdrawal,utilities,6387.95,TR55 7509 0XJA CXNW 5GUC 3R2W KQ,NO85 5376 0246 430,9.43,Utilities transaction status: Pending. Record updated and logged successfully.,Utilities withdrawal transaction is awaiting processing approval with account verification and standard banking review.,Pending
6/20/2020,235,Withdrawal,entertainment,8191.2,BH42 CZGD IOSA FRYR ZMJ9 IZ,NL18 PKXP 3355 6283 01,48.34,Entertainment transaction status: Failed. Record updated and logged successfully.,Entertainment withdrawal transaction could not be completed successfully with account verification and standard banking review.,Failed
4/5/2020,236,Deposit,utilities,5146.68,LV13 BCXR ZFGZ ZRSE KZRV C,CR63 3694 8057 7121 2473 2,28.9,Utilities transaction status: Completed. Record updated and logged successfully.,Utilities deposit transaction completed successfully with account verification and standard banking review.,Completed
8/25/2021,237,Withdrawal,groceries,4366.0,DE16 8001 3607 5577 8291 15,LU18 774I MHVT 7HEE 9SSZ,39.0,Groceries transaction status: Failed. Record updated and logged successfully.,Groceries withdrawal transaction could not be completed successfully with account verification and standard banking review.,Failed
11/6/2022,238,Withdrawal,entertainment,5798.08,AD35 9447 7757 PFD1 Y9WL QAWR,ME38 0615 1740 2589 4047 76,38.9,Entertainment transaction status: Pending. Record updated and logged successfully.,Entertainment withdrawal transaction is awaiting processing approval with account verification and standard banking review.,Pending
1/19/2020,239,Transfer,utilities,9687.27,FR48 7047 5522 518Q IRBZ W78K P52,BH91 ZMBE S1UE AFDQ 8ZFY LM,31.67,Utilities transaction status: Pending. Record updated and logged successfully.,Utilities transfer transaction is awaiting processing approval with account verification and standard banking review.,Pending
4/25/2020,240,Deposit,utilities,1127.31,BA15 4916 9255 4984 7431,DK39 2027 2273 2220 78,37.58,Utilities transaction status: Completed. Record updated and logged successfully.,Utilities deposit transaction completed successfully with account verification and standard banking review.,Completed
2/17/2022,241,Transfer,entertainment,4791.07,MT29 ZXVR 3720 5FYN 3VH0 YHSC QTWM QAN,BR37 5246 4661 5040 6968 2812 334O 4,46.95,Entertainment transaction status: Failed. Record updated and logged successfully.,Entertainment transfer transaction could not be completed successfully with account verification and standard banking review.,Failed
6/24/2020,242,Deposit,utilities,5501.97,FR50 9368 6044 65VR L5J3 GYXY E59,FR71 5195 8300 04TR ZAUB NH3E F11,33.06,Utilities transaction status: Failed. Record updated and logged successfully.,Utilities deposit transaction could not be completed successfully with account verification and standard banking review.,Failed
4/3/2022,243,Deposit,entertainment,7991.81,GE29 IQ47 0350 3237 5987 47,HU18 3834 5156 3123 5899 5952 4052,36.98,Entertainment transaction status: Completed. Record updated and logged successfully.,Entertainment deposit transaction completed successfully with account verification and standard banking review.,Completed
9/1/2020,244,Withdrawal,utilities,1900.79,ME56 8135 5954 7265 3507 96,FR96 1975 4913 67HE BIOB HLVT E49,48.07,Utilities transaction status: Pending. Record updated and logged successfully.,Utilities withdrawal transaction is awaiting processing approval with account verification and standard banking review.,Pending
3/15/2022,245,Transfer,utilities,8630.37,FR75 9931 5737 75FM 1XCL NE2E N82,LT73 9588 4310 0557 9254,10.6,Utilities transaction status: Completed. Record updated and logged successfully.,Utilities transfer transaction completed successfully with account verification and standard banking review.,Completed
10/26/2020,246,Withdrawal,utilities,952.31,IS05 7497 5782 6537 3100 9524 04,FI04 0258 8781 4056 39,40.56,Utilities transaction status: Pending. Record updated and logged successfully.,Utilities withdrawal transaction is awaiting processing approval with account verification and standard banking review.,Pending
11/6/2022,247,Transfer,entertainment,9769.67,LI64 4656 6WJH 894Q GZMM X,BA95 7962 1322 6047 6935,27.34,Entertainment transaction status: Failed. Record updated and logged successfully.,Entertainment transfer transaction could not be completed successfully with account verification and standard banking review.,Failed
4/11/2020,248,Withdrawal,groceries,6668.99,BE46 0511 0912 7193,TR91 1514 8OQP VNKC IW2E ILKX 6D,0.23,Groceries transaction status: Completed. Record updated and logged successfully.,Groceries withdrawal transaction completed successfully with account verification and standard banking review.,Completed
11/2/2021,249,Transfer,groceries,3068.18,AL33 6751 6457 NKET JCJZ 9HUE CPTK,FR98 6122 8690 90UW FKX4 GFJI 764,17.13,Groceries transaction status: Completed. Record updated and logged successfully.,Groceries transfer transaction completed successfully with account verification and standard banking review.,Completed
10/2/2021,250,Deposit,groceries,6530.63,GI82 IUFN HSCC SOZ9 EW5Y IXI,FR49 2751 2546 219P V7PL 80M6 947,18.07,Groceries transaction status: Pending. Record updated and logged successfully.,Groceries deposit transaction is awaiting processing approval with account verification and standard banking review.,Pending
12/12/2020,251,Deposit,entertainment,2948.96,KW75 MXIP HQNB L0Z8 ED04 E78R A8T9 6Q,GR85 6476 364D VAQ4 RUHN UTWN KPE,10.01,Entertainment transaction status: Failed. Record updated and logged successfully.,Entertainment deposit transaction could not be completed successfully with account verification and standard banking review.,Failed
10/27/2021,252,Deposit,utilities,204.1,MC57 7440 1874 39BD 38Z8 N2LD N00,LB41 2483 M9BG XQE3 GMCK UBCZ P9TL,1.74,Utilities transaction status: Failed. Record updated and logged successfully.,Utilities deposit transaction could not be completed successfully with account verification and standard banking review.,Failed
6/3/2022,253,Withdrawal,utilities,7160.05,MT85 BLGK 8184 0JWD I36B R3TI V82U CJZ,FR76 7154 1279 30OP UDJW NZI9 A88,31.11,Utilities transaction status: Failed. Record updated and logged successfully.,Utilities withdrawal transaction could not be completed successfully with account verification and standard banking review.,Failed
1/28/2022,254,Withdrawal,utilities,2223.88,NO84 5011 5494 437,LV61 RRQT VZ85 ZIY6 I2TF H,32.83,Utilities transaction status: Completed. Record updated and logged successfully.,Utilities withdrawal transaction completed successfully with account verification and standard banking review.,Completed
5/6/2020,255,Transfer,entertainment,3350.41,AL83 9388 5575 TOXZ DJW9 LAXG Q0HW,MK68 134R I3QP IZCZ A22,6.34,Entertainment transaction status: Pending. Record updated and logged successfully.,Entertainment transfer transaction is awaiting processing approval with account verification and standard banking review.,Pending
8/8/2022,256,Transfer,entertainment,1741.55,FR38 3430 5816 40OT L9PV PSXO A26,IT87 T780 2387 6850 JMTE SXDS VXV,36.91,Entertainment transaction status: Failed. Record updated and logged successfully.,Entertainment transfer transaction could not be completed successfully with account verification and standard banking review.,Failed
8/2/2022,257,Transfer,groceries,6294.9,FR43 7795 8748 95OG R1ZI LHMK E27,IS84 7192 5547 9921 1177 7277 92,30.19,Groceries transaction status: Completed. Record updated and logged successfully.,Groceries transfer transaction completed successfully with account verification and standard banking review.,Completed
3/13/2021,258,Deposit,groceries,1952.28,FR83 4835 0218 80PR UXUN ILBT P52,LV93 ULMC GCC4 G8N2 Z2IK P,1.91,Groceries transaction status: Completed. Record updated and logged successfully.,Groceries deposit transaction completed successfully with account verification and standard banking review.,Completed
2/19/2020,259,Deposit,entertainment,261.71,KW63 ULSH ALG7 QVUM QYKS C7GW N7KT QK,SI26 4555 2748 7594 878,3.39,Entertainment transaction status: Completed. Record updated and logged successfully.,Entertainment deposit transaction completed successfully with account verification and standard banking review.,Completed
4/28/2022,260,Withdrawal,entertainment,5858.0,VG85 PCWN 4896 4261 5093 3665,MT97 JBNH 0010 7MJD 3TIF URD6 QXNW YJ9,8.2,Entertainment transaction status: Completed. Record updated and logged successfully.,Entertainment withdrawal transaction completed successfully with account verification and standard banking review.,Completed
4/22/2021,261,Deposit,entertainment,4458.36,GL55 4812 7643 4127 67,AT03 0795 3906 1120 5273,33.15,Entertainment transaction status: Completed. Record updated and logged successfully.,Entertainment deposit transaction completed successfully with account verification and standard banking review.,Completed
10/20/2020,262,Withdrawal,utilities,9016.73,NL67 PNLZ 8701 9886 89,FR27 4377 2265 001D 59K8 FRVJ H58,37.91,Utilities transaction status: Completed. Record updated and logged successfully.,Utilities withdrawal transaction completed successfully with account verification and standard banking review.,Completed
10/23/2020,263,Withdrawal,entertainment,3400.93,CY05 9794 1856 I0UJ SOTV EMS6 D53K,MK67 296K A0DC G9BL 742,4.59,Entertainment transaction status: Pending. Record updated and logged successfully.,Entertainment withdrawal transaction is awaiting processing approval with account verification and standard banking review.,Pending
11/2/2022,264,Deposit,groceries,3566.17,BA65 4431 8096 6985 1503,FR33 3194 6886 09I5 MFXO QFBS M22,48.79,Groceries transaction status: Pending. Record updated and logged successfully.,Groceries deposit transaction is awaiting processing approval with account verification and standard banking review.,Pending
2/4/2022,265,Transfer,entertainment,1551.81,NO68 9351 4260 942,CH37 0716 3AVA RH6N PNQX S,36.67,Entertainment transaction status: Pending. Record updated and logged successfully.,Entertainment transfer transaction is awaiting processing approval with account verification and standard banking review.,Pending
10/9/2020,266,Transfer,groceries,8102.65,FR67 0151 3943 36FX UYSO KP4P U31,DK09 3733 7114 3922 43,6.47,Groceries transaction status: Failed. Record updated and logged successfully.,Groceries transfer transaction could not be completed successfully with account verification and standard banking review.,Failed
7/27/2020,267,Deposit,utilities,5814.93,KW84 RRKQ 0SNS WCMI OPWP O4QP U2V5 BJ,FR13 7354 8515 93N6 90IF TZEB D60,26.66,Utilities transaction status: Failed. Record updated and logged successfully.,Utilities deposit transaction could not be completed successfully with account verification and standard banking review.,Failed
11/24/2020,268,Deposit,entertainment,9809.47,FR15 6153 2056 55ND QSAV QHM1 B01,FR48 1344 5360 21PU BAJ8 HGZA N25,26.12,Entertainment transaction status: Completed. Record updated and logged successfully.,Entertainment deposit transaction completed successfully with account verification and standard banking review.,Completed
8/11/2021,269,Transfer,entertainment,1936.89,CH17 3781 4T08 YUZ0 UMWM 4,GB86 DKGL 0015 0444 0365 09,30.92,Entertainment transaction status: Pending. Record updated and logged successfully.,Entertainment transfer transaction is awaiting processing approval with account verification and standard banking review.,Pending
10/30/2020,270,Deposit,groceries,9676.98,NO58 8237 3972 433,IL41 8022 2222 5314 9844 646,1.4,Groceries transaction status: Pending. Record updated and logged successfully.,Groceries deposit transaction is awaiting processing approval with account verification and standard banking review.,Pending
6/19/2022,271,Deposit,entertainment,9080.49,GR97 7925 7354 8HUR N7BV J1UW 8B6,FR15 7884 7835 27VG ETAL XU98 H38,43.2,Entertainment transaction status: Failed. Record updated and logged successfully.,Entertainment deposit transaction could not be completed successfully with account verification and standard banking review.,Failed
1/31/2021,272,Withdrawal,entertainment,7695.24,CR12 4677 5638 4799 3848 5,ME80 2435 6229 7622 5777 46,10.54,Entertainment transaction status: Failed. Record updated and logged successfully.,Entertainment withdrawal transaction could not be completed successfully with account verification and standard banking review.,Failed
6/7/2020,273,Withdrawal,entertainment,9958.61,KZ64 932E 3IVD 5FU6 T3FF,FR97 1299 1191 839O LPTB BLHM 165,20.14,Entertainment transaction status: Pending. Record updated and logged successfully.,Entertainment withdrawal transaction is awaiting processing approval with account verification and standard banking review.,Pending
11/10/2021,274,Transfer,entertainment,4162.09,SE79 2115 5565 3776 1322 1236,BR52 9207 9759 3568 9178 0924 322N 7,33.85,Entertainment transaction status: Completed. Record updated and logged successfully.,Entertainment transfer transaction completed successfully with account verification and standard banking review.,Completed
9/25/2022,275,Withdrawal,entertainment,9212.61,LT92 9794 7871 7357 2536,AT21 2567 7780 0361 3885,30.15,Entertainment transaction status: Failed. Record updated and logged successfully.,Entertainment withdrawal transaction could not be completed successfully with account verification and standard banking review.,Failed
12/9/2021,276,Deposit,entertainment,8060.99,GB40 MMCH 2883 5284 6855 04,RO57 NZSN SOMH SDXA AN0F OGZV,16.31,Entertainment transaction status: Pending. Record updated and logged successfully.,Entertainment deposit transaction is awaiting processing approval with account verification and standard banking review.,Pending
7/11/2022,277,Withdrawal,entertainment,1916.64,DK53 7241 2243 2769 68,FR15 5814 5142 32JH ML0B TNZT C95,7.74,Entertainment transaction status: Pending. Record updated and logged successfully.,Entertainment withdrawal transaction is awaiting processing approval with account verification and standard banking review.,Pending
2/4/2020,278,Deposit,utilities,4261.34,BH24 HEXX 4QJQ BDWN OW90 I1,FR87 6080 9730 50CR 5RTP 1NIR Q49,6.1,Utilities transaction status: Completed. Record updated and logged successfully.,Utilities deposit transaction completed successfully with account verification and standard banking review.,Completed
5/6/2022,279,Deposit,utilities,464.95,FR25 2365 6333 56XI GBLH WADR R31,FR69 3641 5005 68B4 GJYH 4YGR X47,21.36,Utilities transaction status: Completed. Record updated and logged successfully.,Utilities deposit transaction completed successfully with account verification and standard banking review.,Completed
9/14/2022,280,Deposit,utilities,6031.36,PL83 4473 1805 9992 8719 9877 0058,FR82 7345 5257 61GT 4ELW PGEU W86,15.94,Utilities transaction status: Completed. Record updated and logged successfully.,Utilities deposit transaction completed successfully with account verification and standard banking review.,Completed
5/16/2022,281,Deposit,utilities,8002.41,FR39 5547 6871 067Q HTUA RDKY V30,BG28 CSSR 4479 28SG HAYB SV,45.94,Utilities transaction status: Pending. Record updated and logged successfully.,Utilities deposit transaction is awaiting processing approval with account verification and standard banking review.,Pending
9/20/2021,282,Transfer,groceries,5075.46,FI70 0966 9511 4754 70,AE54 5893 6977 2253 7458 032,9.52,Groceries transaction status: Failed. Record updated and logged successfully.,Groceries transfer transaction could not be completed successfully with account verification and standard banking review.,Failed
2/1/2020,283,Deposit,utilities,3251.59,GT25 FYCZ OVTT L9AO HYGF O36S APIR,PS84 DXTQ T6XV ZI5Q 1YFX BGGF PQQP H,27.36,Utilities transaction status: Failed. Record updated and logged successfully.,Utilities deposit transaction could not be completed successfully with account verification and standard banking review.,Failed
12/29/2022,284,Transfer,entertainment,8434.71,IS45 3997 6540 7736 0728 5703 52,FR64 3246 9826 01P1 J7SS FD15 U59,19.87,Entertainment transaction status: Pending. Record updated and logged successfully.,Entertainment transfer transaction is awaiting processing approval with account verification and standard banking review.,Pending
11/2/2022,285,Transfer,groceries,4266.33,FR61 8797 5747 62HD TFC0 938C C39,FI08 2871 6049 3625 46,2.48,Groceries transaction status: Completed. Record updated and logged successfully.,Groceries transfer transaction completed successfully with account verification and standard banking review.,Completed
4/29/2022,286,Deposit,entertainment,7434.16,AE87 6244 7764 6463 4954 842,PK94 ESWZ TL9Q SABA 3UYR YBSS,14.52,Entertainment transaction status: Failed. Record updated and logged successfully.,Entertainment deposit transaction could not be completed successfully with account verification and standard banking review.,Failed
12/11/2022,287,Deposit,groceries,2469.74,KW41 VLIR XRAK BIJH ABVH IOOP 4G93 VA,LT10 6220 3085 0143 5580,33.83,Groceries transaction status: Pending. Record updated and logged successfully.,Groceries deposit transaction is awaiting processing approval with account verification and standard banking review.,Pending
8/18/2020,288,Deposit,groceries,3916.57,CY95 8731 9972 S0GY 522D VXB9 1WB8,MC86 4882 8425 65X1 LWWA MLAH O49,46.44,Groceries transaction status: Completed. Record updated and logged successfully.,Groceries deposit transaction completed successfully with account verification and standard banking review.,Completed
9/28/2021,289,Deposit,groceries,9981.72,TN78 8194 0879 4807 6269 5357,MK54 852P OP6P ZXCP 286,24.31,Groceries transaction status: Pending. Record updated and logged successfully.,Groceries deposit transaction is awaiting processing approval with account verification and standard banking review.,Pending
8/22/2020,290,Deposit,utilities,1316.27,KW49 TQVO VLP9 SYZM K7CF KQOE 4OQB 7L,FO81 3898 1643 9445 20,27.49,Utilities transaction status: Completed. Record updated and logged successfully.,Utilities deposit transaction completed successfully with account verification and standard banking review.,Completed
7/26/2020,291,Deposit,groceries,2600.95,BR43 0662 5114 8642 2099 0115 170S N,EE28 4267 6007 9683 9094,21.47,Groceries transaction status: Completed. Record updated and logged successfully.,Groceries deposit transaction completed successfully with account verification and standard banking review.,Completed
3/30/2021,292,Transfer,entertainment,8929.28,KW74 XJXC B0OY IQAC KPBI 2DLK AJ6R XI,NL75 SQIK 9823 6689 55,30.04,Entertainment transaction status: Pending. Record updated and logged successfully.,Entertainment transfer transaction is awaiting processing approval with account verification and standard banking review.,Pending
1/11/2021,293,Deposit,utilities,9405.74,MT93 INXX 4508 3M0W GHMY PYH0 DNMQ OTL,BE44 5953 2227 9522,21.17,Utilities transaction status: Completed. Record updated and logged successfully.,Utilities deposit transaction completed successfully with account verification and standard banking review.,Completed
2/2/2021,294,Withdrawal,entertainment,4226.68,BA12 6885 8400 6193 8634,MT52 LJMN 6099 4S64 JPTN 54J1 U4TS XTI,20.54,Entertainment transaction status: Pending. Record updated and logged successfully.,Entertainment withdrawal transaction is awaiting processing approval with account verification and standard banking review.,Pending
1/31/2021,295,Transfer,entertainment,4308.35,MD55 JNND U6GQ IZD7 DVAI ZRF5,RO28 NSBZ QI3H HTP5 PAHI UWG8,37.61,Entertainment transaction status: Failed. Record updated and logged successfully.,Entertainment transfer transaction could not be completed successfully with account verification and standard banking review.,Failed
7/29/2022,296,Withdrawal,entertainment,1715.69,AD22 1511 7115 XNUM MRJ6 NPRK,GE11 ER34 4935 1056 8814 46,28.05,Entertainment transaction status: Pending. Record updated and logged successfully.,Entertainment withdrawal transaction is awaiting processing approval with account verification and standard banking review.,Pending
6/6/2022,297,Withdrawal,groceries,3355.8,LB26 2977 2PX6 YAGR 4SWJ CSV5 9TOI,EE14 1248 7163 2289 8852,34.33,Groceries transaction status: Completed. Record updated and logged successfully.,Groceries withdrawal transaction completed successfully with account verification and standard banking review.,Completed
11/22/2021,298,Deposit,entertainment,9337.15,GR71 6628 603W DVPN MWER 54A5 HM8,AL55 2284 7008 ISK6 3SQS 0QUR COGO,32.16,Entertainment transaction status: Failed. Record updated and logged successfully.,Entertainment deposit transaction could not be completed successfully with account verification and standard banking review.,Failed
3/18/2022,299,Transfer,entertainment,2666.82,FR82 7573 3859 42RP AG4Y 8M3P S60,CZ93 2051 7472 8569 9803 4248,44.49,Entertainment transaction status: Failed. Record updated and logged successfully.,Entertainment transfer transaction could not be completed successfully with account verification and standard banking review.,Failed
10/12/2020,300,Withdrawal,groceries,3517.27,IE31 GPOP 4440 1422 9144 09,PL67 0200 1228 3811 5816 6570 5161,9.05,Groceries transaction status: Pending. Record updated and logged successfully.,Groceries withdrawal transaction is awaiting processing approval with account verification and standard banking review.,Pending
4/10/2021,301,Transfer,groceries,48.43,ES74 8960 7468 9371 9088 5675,MR46 4069 0819 0940 0157 9400 012,31.42,Groceries transaction status: Completed. Record updated and logged successfully.,Groceries transfer transaction completed successfully with account verification and standard banking review.,Completed
1/6/2021,302,Deposit,groceries,4177.87,MR98 1092 9340 4235 9496 5342 216,GB97 ZQXE 2290 6618 6700 25,17.3,Groceries transaction status: Completed. Record updated and logged successfully.,Groceries deposit transaction completed successfully with account verification and standard banking review.,Completed
8/12/2021,303,Withdrawal,utilities,8751.04,AL87 7923 9954 D44A 4CVN SD3Y 0DOW,FR21 4547 5738 559Y FMO6 G3TX 042,5.05,Utilities transaction status: Failed. Record updated and logged successfully.,Utilities withdrawal transaction could not be completed successfully with account verification and standard banking review.,Failed
11/2/2022,304,Transfer,utilities,5771.11,FI69 7227 3554 9023 23,DE70 2651 3802 0276 8318 51,32.9,Utilities transaction status: Completed. Record updated and logged successfully.,Utilities transfer transaction completed successfully with account verification and standard banking review.,Completed
6/16/2022,305,Transfer,groceries,9311.41,LT86 7442 7508 4102 0559,FR52 2206 0980 41XH QHMR 5JET O23,17.34,Groceries transaction status: Completed. Record updated and logged successfully.,Groceries transfer transaction completed successfully with account verification and standard banking review.,Completed
3/20/2020,306,Transfer,groceries,92.31,FR61 1245 9781 24IO UZGB ONEX J46,TR41 6507 6MWE LI9V EQH3 T7RP E9,3.56,Groceries transaction status: Pending. Record updated and logged successfully.,Groceries transfer transaction is awaiting processing approval with account verification and standard banking review.,Pending
11/13/2020,307,Withdrawal,utilities,7095.09,IT17 T107 3395 223K PVUY K7NE OLI,LV78 ZWRW KUBR 5EQP SEYO S,9.69,Utilities transaction status: Completed. Record updated and logged successfully.,Utilities withdrawal transaction completed successfully with account verification and standard banking review.,Completed
7/7/2022,308,Deposit,entertainment,3494.19,GR71 8297 291O RHYM VR6K AJSL 2GS,SE88 0890 2637 5993 3362 4826,37.02,Entertainment transaction status: Pending. Record updated and logged successfully.,Entertainment deposit transaction is awaiting processing approval with account verification and standard banking review.,Pending
3/21/2022,309,Withdrawal,groceries,9070.45,FR17 8671 2884 20QW OLO6 P1AQ 318,MR86 0656 3379 1529 1982 7095 859,15.9,Groceries transaction status: Failed. Record updated and logged successfully.,Groceries withdrawal transaction could not be completed successfully with account verification and standard banking review.,Failed
5/11/2022,310,Deposit,utilities,3316.41,PL03 7211 0521 8500 6664 5138 8962,GB48 JDPT 7726 9344 1941 60,10.27,Utilities transaction status: Completed. Record updated and logged successfully.,Utilities deposit transaction completed successfully with account verification and standard banking review.,Completed
1/9/2020,311,Transfer,utilities,3137.87,SE21 8631 5206 1518 0245 3217,LB08 8691 GSHA CJH2 FTUO VBFN O9YX,19.03,Utilities transaction status: Failed. Record updated and logged successfully.,Utilities transfer transaction could not be completed successfully with account verification and standard banking review.,Failed
7/24/2022,312,Withdrawal,entertainment,4162.39,MU80 NKSQ 6211 7055 8742 0714 631N FW,LT48 9205 5323 3011 3867,44.06,Entertainment transaction status: Completed. Record updated and logged successfully.,Entertainment withdrawal transaction completed successfully with account verification and standard banking review.,Completed
8/23/2021,313,Deposit,entertainment,5055.85,FR60 6486 8212 41SA REH2 UNC0 F22,EE32 0382 6880 6986 4348,22.59,Entertainment transaction status: Failed. Record updated and logged successfully.,Entertainment deposit transaction could not be completed successfully with account verification and standard banking review.,Failed
2/21/2021,314,Withdrawal,groceries,1772.92,MR75 7251 7471 8433 9004 4459 032,FR45 4578 5019 49GD I1YP PMED F18,3.67,Groceries transaction status: Failed. Record updated and logged successfully.,Groceries withdrawal transaction could not be completed successfully with account verification and standard banking review.,Failed
9/11/2021,315,Withdrawal,groceries,2138.08,DE29 8610 4792 2111 9692 79,FR93 0730 2690 17MQ KNAA M0FK 022,23.24,Groceries transaction status: Failed. Record updated and logged successfully.,Groceries withdrawal transaction could not be completed successfully with account verification and standard banking review.,Failed
11/29/2021,316,Withdrawal,entertainment,8890.07,FR68 8321 4105 22IS GH6A WXUW C06,FR52 4799 1364 37SR HTNX ASCT N19,9.02,Entertainment transaction status: Failed. Record updated and logged successfully.,Entertainment withdrawal transaction could not be completed successfully with account verification and standard banking review.,Failed
8/1/2021,317,Deposit,groceries,2561.02,LI48 6153 45DH CXKG CNYU D,AD79 4154 3392 YBAN 93NT N26O,37.49,Groceries transaction status: Pending. Record updated and logged successfully.,Groceries deposit transaction is awaiting processing approval with account verification and standard banking review.,Pending
4/22/2022,318,Deposit,utilities,9128.26,TR37 2849 69S0 CKIP 2FOB NDVO TT,MR08 8309 6072 4784 4895 2971 008,33.66,Utilities transaction status: Pending. Record updated and logged successfully.,Utilities deposit transaction is awaiting processing approval with account verification and standard banking review.,Pending
1/9/2020,319,Withdrawal,utilities,3576.01,KW08 LVOF HUWL T3GK TNKM NZ4A TOFA 5M,FR32 2557 9069 39FB PGMR MHAC L87,10.44,Utilities transaction status: Completed. Record updated and logged successfully.,Utilities withdrawal transaction completed successfully with account verification and standard banking review.,Completed
11/10/2022,320,Deposit,entertainment,5630.08,PL85 7323 8809 7269 9419 8837 6709,NO70 7708 9284 274,10.82,Entertainment transaction status: Pending. Record updated and logged successfully.,Entertainment deposit transaction is awaiting processing approval with account verification and standard banking review.,Pending
10/6/2021,321,Transfer,utilities,842.18,IS37 9968 0634 0178 3683 9460 68,FR44 0706 2173 23WT 0UW0 YOL4 R75,16.63,Utilities transaction status: Completed. Record updated and logged successfully.,Utilities transfer transaction completed successfully with account verification and standard banking review.,Completed
10/10/2022,322,Withdrawal,entertainment,8963.07,CH30 7651 0LPQ TC64 T17L L,BR81 6009 0653 3438 9648 0334 471D D,2.31,Entertainment transaction status: Completed. Record updated and logged successfully.,Entertainment withdrawal transaction completed successfully with account verification and standard banking review.,Completed
8/4/2020,323,Deposit,utilities,293.99,HU61 0320 7308 5603 6519 9201 1873,HU18 9567 7320 0341 6100 7645 9134,23.91,Utilities transaction status: Failed. Record updated and logged successfully.,Utilities deposit transaction could not be completed successfully with account verification and standard banking review.,Failed
12/11/2022,324,Deposit,groceries,2697.39,MT39 VOXO 9473 23BW 1YBX JY9C DJJI UUF,FR93 8134 9181 10T2 JABM TWWY Y75,33.96,Groceries transaction status: Pending. Record updated and logged successfully.,Groceries deposit transaction is awaiting processing approval with account verification and standard banking review.,Pending
1/6/2020,325,Transfer,groceries,8704.16,FR57 6660 4785 042P YOQF ZS2T W26,BG75 LTPY 5659 03WD MOUD ZV,1.65,Groceries transaction status: Pending. Record updated and logged successfully.,Groceries transfer transaction is awaiting processing approval with account verification and standard banking review.,Pending
12/6/2020,326,Withdrawal,groceries,5435.78,PS18 ISKT 4TFI FUAC LA6W PLBQ ODZV 3,LV73 DDUE HO56 VLQY Y7JU 6,1.97,Groceries transaction status: Completed. Record updated and logged successfully.,Groceries withdrawal transaction completed successfully with account verification and standard banking review.,Completed
6/9/2020,327,Deposit,utilities,4951.93,HR52 5817 0824 1595 5314 2,BG24 DJQB 6830 35UW YZN5 NF,48.9,Utilities transaction status: Completed. Record updated and logged successfully.,Utilities deposit transaction completed successfully with account verification and standard banking review.,Completed
11/29/2020,328,Withdrawal,entertainment,5589.57,FR23 8932 4473 535D H8TF QOAS F70,MR51 0360 9611 9365 1545 6258 915,15.04,Entertainment transaction status: Pending. Record updated and logged successfully.,Entertainment withdrawal transaction is awaiting processing approval with account verification and standard banking review.,Pending
10/12/2022,329,Deposit,utilities,4592.08,MC12 8609 2356 93M7 ZL7L OTK6 053,VG95 URQV 4287 7193 2468 5514,48.41,Utilities transaction status: Pending. Record updated and logged successfully.,Utilities deposit transaction is awaiting processing approval with account verification and standard banking review.,Pending
7/10/2020,330,Transfer,groceries,4653.73,FR42 0073 2441 53MY MPYZ PNDZ 837,NO96 1162 1494 786,11.28,Groceries transaction status: Failed. Record updated and logged successfully.,Groceries transfer transaction could not be completed successfully with account verification and standard banking review.,Failed
12/4/2021,331,Deposit,utilities,2400.76,DK76 1776 5001 5613 44,GI10 YTIC GOYN ZSAC AMZE WPQ,21.06,Utilities transaction status: Failed. Record updated and logged successfully.,Utilities deposit transaction could not be completed successfully with account verification and standard banking review.,Failed
10/22/2021,332,Transfer,groceries,9269.98,ME90 7625 9144 3095 0141 70,RO04 DXWE HNZU 1UTV 6GPU EWCY,20.82,Groceries transaction status: Completed. Record updated and logged successfully.,Groceries transfer transaction completed successfully with account verification and standard banking review.,Completed
11/6/2020,333,Withdrawal,utilities,6198.45,DO49 4QUR 8295 5734 5839 9585 6088,IT95 T596 6877 509S DKPC GEFH HVZ,44.02,Utilities transaction status: Pending. Record updated and logged successfully.,Utilities withdrawal transaction is awaiting processing approval with account verification and standard banking review.,Pending
7/16/2022,334,Transfer,groceries,744.27,AD75 3554 2706 QBVH S4KF ICY1,TN84 4612 0628 0163 6349 5391,40.82,Groceries transaction status: Pending. Record updated and logged successfully.,Groceries transfer transaction is awaiting processing approval with account verification and standard banking review.,Pending
1/7/2020,335,Withdrawal,groceries,6807.95,FO16 6197 3721 6112 57,LT51 3663 0431 9864 0120,8.85,Groceries transaction status: Completed. Record updated and logged successfully.,Groceries withdrawal transaction completed successfully with account verification and standard banking review.,Completed
11/21/2020,336,Deposit,groceries,1217.78,GB66 FTWP 3170 0487 9630 34,FR95 2795 5995 06VL JRGV NORU 900,49.49,Groceries transaction status: Completed. Record updated and logged successfully.,Groceries deposit transaction completed successfully with account verification and standard banking review.,Completed
10/28/2020,337,Transfer,groceries,1481.43,FR91 8086 2223 257I C5YC K99X G29,FR45 8778 8700 54XH ZFKA AMWN Y90,43.73,Groceries transaction status: Failed. Record updated and logged successfully.,Groceries transfer transaction could not be completed successfully with account verification and standard banking review.,Failed
3/24/2020,338,Withdrawal,groceries,8998.92,LT74 3564 5894 8216 2039,SK75 3641 2975 1231 6738 5675,4.58,Groceries transaction status: Failed. Record updated and logged successfully.,Groceries withdrawal transaction could not be completed successfully with account verification and standard banking review.,Failed
1/16/2021,339,Deposit,utilities,7279.66,FR17 2236 3282 57RH GHYI 9SED Y21,CH62 1388 1LYO SBFM V73A 2,40.17,Utilities transaction status: Failed. Record updated and logged successfully.,Utilities deposit transaction could not be completed successfully with account verification and standard banking review.,Failed
8/31/2020,340,Transfer,groceries,4357.91,BR87 9695 2951 1041 1788 6206 645D 3,GL74 7885 7583 2142 89,30.06,Groceries transaction status: Failed. Record updated and logged successfully.,Groceries transfer transaction could not be completed successfully with account verification and standard banking review.,Failed
7/22/2021,341,Deposit,groceries,9200.25,BG20 TUMZ 4310 261E PH9E JV,SE39 4627 2349 6075 1086 4695,5.28,Groceries transaction status: Failed. Record updated and logged successfully.,Groceries deposit transaction could not be completed successfully with account verification and standard banking review.,Failed
12/31/2020,342,Transfer,entertainment,4975.85,IL71 4455 9528 4853 6495 316,FR18 2828 2047 21JK XLPT K6BO C29,35.97,Entertainment transaction status: Failed. Record updated and logged successfully.,Entertainment transfer transaction could not be completed successfully with account verification and standard banking review.,Failed
4/11/2020,343,Transfer,utilities,2704.26,MU70 AORL 4715 3571 3508 5892 924E RY,MU53 FUDW 1367 2344 8029 0208 655N QA,11.91,Utilities transaction status: Failed. Record updated and logged successfully.,Utilities transfer transaction could not be completed successfully with account verification and standard banking review.,Failed
4/30/2020,344,Deposit,entertainment,1306.42,VG27 NNLO 5740 8506 4257 7271,TR19 1499 2GNC MSCH WPDZ 3K5L KT,48.43,Entertainment transaction status: Completed. Record updated and logged successfully.,Entertainment deposit transaction completed successfully with account verification and standard banking review.,Completed
4/15/2022,345,Withdrawal,entertainment,6995.17,FR94 9334 2165 99OO LORU 5UJG I07,LB77 5694 LVTT 2IHU TVX6 A7NU BWYE,10.11,Entertainment transaction status: Completed. Record updated and logged successfully.,Entertainment withdrawal transaction completed successfully with account verification and standard banking review.,Completed
5/21/2022,346,Withdrawal,entertainment,2593.86,FR92 3794 3281 56QL 2TJ9 NXTQ H35,CY54 8884 1983 AO0U 5QOV MQDH LKHT,22.96,Entertainment transaction status: Completed. Record updated and logged successfully.,Entertainment withdrawal transaction completed successfully with account verification and standard banking review.,Completed
5/1/2020,347,Transfer,entertainment,5120.85,PK67 SKZK VAJB ZEOC WJFQ FJEC,IL64 8217 6842 7048 1662 844,31.04,Entertainment transaction status: Completed. Record updated and logged successfully.,Entertainment transfer transaction completed successfully with account verification and standard banking review.,Completed
11/27/2021,348,Deposit,entertainment,8854.1,DO47 UIBZ 4887 3762 8611 2777 6169,TR89 1230 30LO F7V5 ACHP LXM9 MW,1.43,Entertainment transaction status: Pending. Record updated and logged successfully.,Entertainment deposit transaction is awaiting processing approval with account verification and standard banking review.,Pending
11/5/2021,349,Deposit,groceries,3181.92,KZ74 708S HR7X AF0J PWXH,GE61 ZP30 9556 9923 6747 84,4.31,Groceries transaction status: Failed. Record updated and logged successfully.,Groceries deposit transaction could not be completed successfully with account verification and standard banking review.,Failed
1/12/2021,350,Withdrawal,groceries,8594.48,GE40 EB34 8305 9445 5870 89,GL89 1133 7638 2723 64,37.19,Groceries transaction status: Completed. Record updated and logged successfully.,Groceries withdrawal transaction completed successfully with account verification and standard banking review.,Completed
6/14/2020,351,Deposit,groceries,5948.47,IT19 V981 8628 458Y C7FL 5ZEB AGD,MR14 9216 9219 9998 9539 3889 464,11.22,Groceries transaction status: Failed. Record updated and logged successfully.,Groceries deposit transaction could not be completed successfully with account verification and standard banking review.,Failed
2/1/2020,352,Withdrawal,entertainment,4240.78,HR21 5310 5218 7201 3224 3,GT40 ECMS VQ5Z HWZA YPRP XFFD L75V,7.17,Entertainment transaction status: Completed. Record updated and logged successfully.,Entertainment withdrawal transaction completed successfully with account verification and standard banking review.,Completed
6/2/2022,353,Withdrawal,utilities,9752.8,SA21 529L VHZU RDHU 0IOX QUES,MK44 762D 8LFF JSFR G37,41.18,Utilities transaction status: Completed. Record updated and logged successfully.,Utilities withdrawal transaction completed successfully with account verification and standard banking review.,Completed
2/27/2021,354,Transfer,entertainment,771.87,CH61 0641 7OFH KY6R OQ6P V,FR44 2358 3887 286N REWS VIEO 438,30.2,Entertainment transaction status: Completed. Record updated and logged successfully.,Entertainment transfer transaction completed successfully with account verification and standard banking review.,Completed
1/5/2020,355,Withdrawal,entertainment,50.14,AE07 1308 5348 0791 4192 744,BR38 7031 8074 4985 6380 9329 770V Y,19.87,Entertainment transaction status: Completed. Record updated and logged successfully.,Entertainment withdrawal transaction completed successfully with account verification and standard banking review.,Completed
2/22/2021,356,Deposit,groceries,5454.01,VG40 AWTY 9667 0167 8664 5021,BR96 3101 5330 1653 0861 6951 847F E,14.26,Groceries transaction status: Pending. Record updated and logged successfully.,Groceries deposit transaction is awaiting processing approval with account verification and standard banking review.,Pending
2/27/2021,357,Withdrawal,utilities,4195.09,SA50 34WF 62H5 E8AW HCWU HDXQ,EE46 6913 8264 0858 3938,27.73,Utilities transaction status: Pending. Record updated and logged successfully.,Utilities withdrawal transaction is awaiting processing approval with account verification and standard banking review.,Pending
6/30/2021,358,Withdrawal,groceries,941.89,PK66 CZXV OQRD BOL4 BYSJ DQAQ,IL07 0705 8472 7234 3571 297,34.62,Groceries transaction status: Completed. Record updated and logged successfully.,Groceries withdrawal transaction completed successfully with account verification and standard banking review.,Completed
9/17/2022,359,Deposit,entertainment,191.63,SE59 8947 6801 4661 4476 1245,AE80 2981 4129 7937 0729 769,34.46,Entertainment transaction status: Pending. Record updated and logged successfully.,Entertainment deposit transaction is awaiting processing approval with account verification and standard banking review.,Pending
9/27/2020,360,Transfer,utilities,2674.11,KW89 PKKE 5BIW YCSR FCXO 03R0 ZLPV A3,AE96 0962 1239 8069 4312 874,2.93,Utilities transaction status: Failed. Record updated and logged successfully.,Utilities transfer transaction could not be completed successfully with account verification and standard banking review.,Failed
3/25/2020,361,Deposit,groceries,527.77,IT63 S035 8488 714I QFZJ UHRI 7P4,PT32 4109 0221 6759 6581 5609 0,27.36,Groceries transaction status: Failed. Record updated and logged successfully.,Groceries deposit transaction could not be completed successfully with account verification and standard banking review.,Failed
4/4/2022,362,Transfer,entertainment,3834.73,KZ11 811H 1YZ0 YWZ3 MSZU,EE31 1257 2011 6375 4417,19.79,Entertainment transaction status: Completed. Record updated and logged successfully.,Entertainment transfer transaction completed successfully with account verification and standard banking review.,Completed
6/12/2022,363,Withdrawal,utilities,2867.81,FR12 1374 7472 90FL 3J10 LPVX 224,CZ05 7837 8488 3486 7761 1763,33.37,Utilities transaction status: Pending. Record updated and logged successfully.,Utilities withdrawal transaction is awaiting processing approval with account verification and standard banking review.,Pending
7/14/2020,364,Withdrawal,utilities,1946.61,LI25 6518 9LR4 AEYT RV4R H,TR49 3991 5OKL Z7LF AGVK KUXB OB,16.06,Utilities transaction status: Failed. Record updated and logged successfully.,Utilities withdrawal transaction could not be completed successfully with account verification and standard banking review.,Failed
1/27/2020,365,Withdrawal,groceries,9561.43,HU10 0838 1114 1735 8836 0585 1980,TR63 6506 3MTO PEMI 9F4I 7EGB XO,5.28,Groceries transaction status: Failed. Record updated and logged successfully.,Groceries withdrawal transaction could not be completed successfully with account verification and standard banking review.,Failed
5/22/2020,366,Transfer,utilities,2109.07,FR23 4200 9658 67ER O3IO RQKI C27,IS13 4334 6300 6559 9134 4607 05,18.02,Utilities transaction status: Failed. Record updated and logged successfully.,Utilities transfer transaction could not be completed successfully with account verification and standard banking review.,Failed
6/12/2021,367,Transfer,groceries,2172.14,GE74 EY40 8823 3890 9593 05,AT78 8388 4407 9282 5225,37.28,Groceries transaction status: Pending. Record updated and logged successfully.,Groceries transfer transaction is awaiting processing approval with account verification and standard banking review.,Pending
5/22/2022,368,Transfer,utilities,355.33,MK86 2315 BRQK YAIL M10,CY96 1789 2706 4FNS ID55 917J NVXY,38.95,Utilities transaction status: Completed. Record updated and logged successfully.,Utilities transfer transaction completed successfully with account verification and standard banking review.,Completed
1/20/2021,369,Deposit,utilities,9621.63,FR39 2388 7225 36DY QEV8 ZSJ8 K86,IT69 V575 8144 069J 2MUS DR7G FBP,16.86,Utilities transaction status: Failed. Record updated and logged successfully.,Utilities deposit transaction could not be completed successfully with account verification and standard banking review.,Failed
7/16/2022,370,Withdrawal,entertainment,5992.19,RO11 RDJV P4BO BNRF RE4R I0IX,AT11 8381 4383 2841 8494,6.17,Entertainment transaction status: Failed. Record updated and logged successfully.,Entertainment withdrawal transaction could not be completed successfully with account verification and standard banking review.,Failed
8/3/2020,371,Deposit,groceries,1827.86,CY93 8860 1907 LVNO E4E7 IPCX CAGU,FR85 1449 0442 13VG QYZZ NY0C A41,49.41,Groceries transaction status: Failed. Record updated and logged successfully.,Groceries deposit transaction could not be completed successfully with account verification and standard banking review.,Failed
5/30/2020,372,Deposit,groceries,7901.21,CR90 1750 9525 7950 3209 2,BG76 YEUO 8326 86G7 5BMV TX,7.86,Groceries transaction status: Failed. Record updated and logged successfully.,Groceries deposit transaction could not be completed successfully with account verification and standard banking review.,Failed
2/18/2022,373,Deposit,groceries,4150.42,FR08 3327 0814 061L XAJG XTGI J33,FR84 7452 2355 066C PU4O YX0J G31,14.89,Groceries transaction status: Pending. Record updated and logged successfully.,Groceries deposit transaction is awaiting processing approval with account verification and standard banking review.,Pending
6/16/2021,374,Withdrawal,utilities,9422.24,AE19 6603 1051 1311 3294 369,DK84 4592 2228 2748 90,23.62,Utilities transaction status: Pending. Record updated and logged successfully.,Utilities withdrawal transaction is awaiting processing approval with account verification and standard banking review.,Pending
10/4/2022,375,Transfer,utilities,2932.21,KW88 SQJB FPXG K67X FS6A VLTD JBQP 5L,SI61 9127 4708 3380 632,17.59,Utilities transaction status: Pending. Record updated and logged successfully.,Utilities transfer transaction is awaiting processing approval with account verification and standard banking review.,Pending
10/13/2022,376,Transfer,utilities,6673.1,IE78 UZEG 3114 6454 8292 48,PL91 2567 9620 6388 6266 2602 2666,1.04,Utilities transaction status: Failed. Record updated and logged successfully.,Utilities transfer transaction could not be completed successfully with account verification and standard banking review.,Failed
8/28/2020,377,Withdrawal,utilities,7254.63,SM69 D088 7122 312X RQDV ZA14 UNW,SI43 6133 9631 5169 455,23.17,Utilities transaction status: Completed. Record updated and logged successfully.,Utilities withdrawal transaction completed successfully with account verification and standard banking review.,Completed
10/23/2021,378,Withdrawal,utilities,5925.02,CZ62 6051 2737 1146 1478 6943,ES25 1458 0179 3839 5719 0970,21.15,Utilities transaction status: Pending. Record updated and logged successfully.,Utilities withdrawal transaction is awaiting processing approval with account verification and standard banking review.,Pending
10/27/2020,379,Withdrawal,groceries,6022.92,MK23 969S WMRM MJU6 417,DO21 GUSJ 3170 5804 1632 5808 8513,30.18,Groceries transaction status: Completed. Record updated and logged successfully.,Groceries withdrawal transaction completed successfully with account verification and standard banking review.,Completed
11/21/2020,380,Withdrawal,utilities,5959.45,KW49 AJHM IIAN M90G IBXT DEIQ RLL0 C1,TR53 2410 5LZ5 DNVW XMOW PUKY P2,44.97,Utilities transaction status: Failed. Record updated and logged successfully.,Utilities withdrawal transaction could not be completed successfully with account verification and standard banking review.,Failed
5/25/2022,381,Withdrawal,groceries,3132.92,SM51 I238 3788 170K 88ZI 3DR0 WV1,MT73 JOSB 8060 7YKU WLRK 8FQ6 H3WE L0Q,43.94,Groceries transaction status: Pending. Record updated and logged successfully.,Groceries withdrawal transaction is awaiting processing approval with account verification and standard banking review.,Pending
12/23/2021,382,Withdrawal,entertainment,3125.36,RO27 YFNG C2XG WXA8 4T9Y HVGI,FR40 9209 2448 77FQ NUIK ZL2D 023,18.01,Entertainment transaction status: Pending. Record updated and logged successfully.,Entertainment withdrawal transaction is awaiting processing approval with account verification and standard banking review.,Pending
7/5/2021,383,Withdrawal,entertainment,1888.6,IL53 8720 9479 7348 4189 860,TN72 0566 6366 2147 0696 3001,31.26,Entertainment transaction status: Failed. Record updated and logged successfully.,Entertainment withdrawal transaction could not be completed successfully with account verification and standard banking review.,Failed
8/15/2022,384,Deposit,utilities,4251.47,GE51 VI62 0301 7157 1795 64,CR90 9185 2127 6771 5840 7,30.8,Utilities transaction status: Pending. Record updated and logged successfully.,Utilities deposit transaction is awaiting processing approval with account verification and standard banking review.,Pending
9/16/2020,385,Deposit,utilities,3187.14,IL82 8567 9188 1189 2414 198,SM59 W053 0815 972N WDDM IYLU XED,14.28,Utilities transaction status: Completed. Record updated and logged successfully.,Utilities deposit transaction completed successfully with account verification and standard banking review.,Completed
1/24/2022,386,Transfer,groceries,9717.82,IL67 8234 0699 5708 8640 161,EE04 9672 8064 8640 2250,0.13,Groceries transaction status: Failed. Record updated and logged successfully.,Groceries transfer transaction could not be completed successfully with account verification and standard banking review.,Failed
12/5/2021,387,Transfer,entertainment,7022.26,RO97 MSDS 8QPV FWYC BU6Y HB0O,BH22 DTWS OYYK XBHB VT1R OI,30.11,Entertainment transaction status: Pending. Record updated and logged successfully.,Entertainment transfer transaction is awaiting processing approval with account verification and standard banking review.,Pending
12/6/2021,388,Transfer,utilities,7203.89,FO91 6674 2535 2283 25,FR05 2820 4264 24RQ EIVK MARE L69,12.58,Utilities transaction status: Failed. Record updated and logged successfully.,Utilities transfer transaction could not be completed successfully with account verification and standard banking review.,Failed
12/17/2022,389,Withdrawal,utilities,6905.19,SA80 99IP CLGU 7MWR RXLM IS0P,IL19 5030 0893 1949 2877 245,14.54,Utilities transaction status: Completed. Record updated and logged successfully.,Utilities withdrawal transaction completed successfully with account verification and standard banking review.,Completed
12/10/2021,390,Withdrawal,entertainment,8619.42,LI75 5645 5QQ5 EZD4 DM4S L,AE41 8224 2877 9704 5119 892,7.6,Entertainment transaction status: Failed. Record updated and logged successfully.,Entertainment withdrawal transaction could not be completed successfully with account verification and standard banking review.,Failed
12/11/2022,391,Withdrawal,utilities,8741.86,BR92 7142 0274 4553 2431 9191 968K V,IS16 5709 3727 6304 3797 3996 03,25.41,Utilities transaction status: Failed. Record updated and logged successfully.,Utilities withdrawal transaction could not be completed successfully with account verification and standard banking review.,Failed
5/12/2022,392,Transfer,utilities,5284.37,PL41 8825 3350 3223 6318 7846 2641,TN21 2793 6835 3274 1925 1462,43.59,Utilities transaction status: Failed. Record updated and logged successfully.,Utilities transfer transaction could not be completed successfully with account verification and standard banking review.,Failed
12/13/2022,393,Deposit,groceries,9878.22,LI32 4902 89VR MDB3 YAXK H,FR94 0608 7425 22DN 0BQP 5MZP Z72,32.77,Groceries transaction status: Failed. Record updated and logged successfully.,Groceries deposit transaction could not be completed successfully with account verification and standard banking review.,Failed
11/8/2020,394,Transfer,groceries,5106.28,IE07 KUKM 7379 1509 9684 56,DK10 4264 9396 8688 41,43.9,Groceries transaction status: Pending. Record updated and logged successfully.,Groceries transfer transaction is awaiting processing approval with account verification and standard banking review.,Pending
11/29/2020,395,Deposit,utilities,3378.53,KW78 SHIF MGDO R3BC UFUC QKLZ NGXI PF,GR88 6486 7512 3GUN NGW2 8YHW GYG,8.37,Utilities transaction status: Failed. Record updated and logged successfully.,Utilities deposit transaction could not be completed successfully with account verification and standard banking review.,Failed
4/24/2021,396,Deposit,entertainment,6296.18,MD78 65NU APC5 ZGHR KSTO RXNN,FI69 9478 2005 5266 48,28.1,Entertainment transaction status: Failed. Record updated and logged successfully.,Entertainment deposit transaction could not be completed successfully with account verification and standard banking review.,Failed
3/21/2021,397,Withdrawal,entertainment,5659.35,MC34 6543 3603 89AL IOGM MBP9 F40,MC90 8077 2951 5544 ZHLE VJYZ 483,14.46,Entertainment transaction status: Completed. Record updated and logged successfully.,Entertainment withdrawal transaction completed successfully with account verification and standard banking review.,Completed
6/1/2022,398,Withdrawal,groceries,5759.07,PK27 VILN DZ58 PCLH EDWA RIXX,FR32 3402 8843 51PU BTB7 UKI0 I24,25.91,Groceries transaction status: Failed. Record updated and logged successfully.,Groceries withdrawal transaction could not be completed successfully with account verification and standard banking review.,Failed
9/14/2020,399,Transfer,groceries,3210.02,GI35 ELFO BPXE 3U0S 63QL REL,NL48 WMLG 1002 1072 71,42.88,Groceries transaction status: Failed. Record updated and logged successfully.,Groceries transfer transaction could not be completed successfully with account verification and standard banking review.,Failed
9/19/2022,400,Transfer,groceries,848.37,LU76 508L RDKK QGTA STKS,SE28 9509 7238 1639 9170 2339,23.45,Groceries transaction status: Pending. Record updated and logged successfully.,Groceries transfer transaction is awaiting processing approval with account verification and standard banking review.,Pending
8/15/2020,401,Transfer,entertainment,6356.83,LU89 772F 5QJY MJUR HLLT,FR28 5487 4258 69PF OYCL S2IT P22,40.36,Entertainment transaction status: Completed. Record updated and logged successfully.,Entertainment transfer transaction completed successfully with account verification and standard banking review.,Completed
9/21/2022,402,Deposit,entertainment,5186.06,BA56 8446 9688 5410 0903,AE81 8808 4901 1890 8274 781,15.2,Entertainment transaction status: Completed. Record updated and logged successfully.,Entertainment deposit transaction completed successfully with account verification and standard banking review.,Completed
4/6/2022,403,Withdrawal,groceries,8712.21,IE51 EHKV 6351 6718 8949 04,IS08 9261 0123 6596 9681 8464 15,40.36,Groceries transaction status: Pending. Record updated and logged successfully.,Groceries withdrawal transaction is awaiting processing approval with account verification and standard banking review.,Pending
2/6/2020,404,Transfer,utilities,4617.05,SK57 6857 5889 0946 9756 0016,GL88 7872 8974 3977 92,46.63,Utilities transaction status: Failed. Record updated and logged successfully.,Utilities transfer transaction could not be completed successfully with account verification and standard banking review.,Failed
6/13/2021,405,Withdrawal,entertainment,7236.61,CR07 1624 2500 2068 2518 4,FR88 5952 6917 11HG C0YY PLZH N15,25.49,Entertainment transaction status: Failed. Record updated and logged successfully.,Entertainment withdrawal transaction could not be completed successfully with account verification and standard banking review.,Failed
1/26/2022,406,Withdrawal,entertainment,661.17,EE65 1801 5543 6306 9973,VG23 PRVA 2360 6877 4967 4621,40.58,Entertainment transaction status: Pending. Record updated and logged successfully.,Entertainment withdrawal transaction is awaiting processing approval with account verification and standard banking review.,Pending
1/26/2022,407,Transfer,entertainment,7814.03,AL33 6492 0326 VGPI FRCF R2NL 1BCQ,GL93 7539 5196 7438 78,30.75,Entertainment transaction status: Failed. Record updated and logged successfully.,Entertainment transfer transaction could not be completed successfully with account verification and standard banking review.,Failed
4/27/2021,408,Transfer,groceries,7204.66,RS74 8699 0427 4923 6580 18,IE21 BFDX 2031 7490 2247 72,37.65,Groceries transaction status: Completed. Record updated and logged successfully.,Groceries transfer transaction completed successfully with account verification and standard banking review.,Completed
7/13/2020,409,Withdrawal,entertainment,3382.07,PL36 4013 4326 1284 5477 5327 2639,IS04 0712 7631 7070 1457 7860 88,15.01,Entertainment transaction status: Failed. Record updated and logged successfully.,Entertainment withdrawal transaction could not be completed successfully with account verification and standard banking review.,Failed
12/8/2022,410,Deposit,utilities,5311.72,MR41 7298 8788 6240 3255 9841 320,AD80 7255 5423 A88K HKUG MJSJ,40.75,Utilities transaction status: Failed. Record updated and logged successfully.,Utilities deposit transaction could not be completed successfully with account verification and standard banking review.,Failed
9/27/2022,411,Transfer,entertainment,209.67,LI40 3744 5HNL YPK5 JR8C K,BG74 GMJH 6127 31Y6 RL5I V0,5.03,Entertainment transaction status: Completed. Record updated and logged successfully.,Entertainment transfer transaction completed successfully with account verification and standard banking review.,Completed
3/9/2022,412,Deposit,entertainment,960.93,IT86 Y889 4920 151A MKVK JBYH FWC,LV28 ERAG ORJO CUW3 RIGX M,35.13,Entertainment transaction status: Completed. Record updated and logged successfully.,Entertainment deposit transaction completed successfully with account verification and standard banking review.,Completed
2/28/2021,413,Deposit,entertainment,7916.81,BG08 ELCW 3943 77BX B92B TE,EE13 9914 3937 1073 3990,6.73,Entertainment transaction status: Pending. Record updated and logged successfully.,Entertainment deposit transaction is awaiting processing approval with account verification and standard banking review.,Pending
9/3/2021,414,Transfer,utilities,5201.53,FR21 0500 4722 93Q5 CVIF 0DXC H06,AE27 2275 1300 4350 1251 301,20.32,Utilities transaction status: Completed. Record updated and logged successfully.,Utilities transfer transaction completed successfully with account verification and standard banking review.,Completed
12/28/2020,415,Deposit,groceries,2566.09,ES97 4285 6052 1670 8147 8761,KW31 JKCZ YRTB ERMM KAFW MQSX VHUU PE,29.77,Groceries transaction status: Completed. Record updated and logged successfully.,Groceries deposit transaction completed successfully with account verification and standard banking review.,Completed
6/30/2020,416,Deposit,groceries,2675.85,FR25 9175 3219 346Y WFXK FQRC Q02,RO62 FDMP Q5AT E7KA 1HTC LQAW,9.47,Groceries transaction status: Completed. Record updated and logged successfully.,Groceries deposit transaction completed successfully with account verification and standard banking review.,Completed
10/5/2021,417,Deposit,utilities,3537.29,GE69 UB97 6304 1805 7892 30,FR18 1041 5041 23PP IC21 ZJRM D91,46.23,Utilities transaction status: Completed. Record updated and logged successfully.,Utilities deposit transaction completed successfully with account verification and standard banking review.,Completed
5/10/2021,418,Deposit,utilities,7052.31,PT74 4715 1579 3126 1255 7198 6,DO63 YUVT 8887 5709 6542 4541 5255,45.26,Utilities transaction status: Pending. Record updated and logged successfully.,Utilities deposit transaction is awaiting processing approval with account verification and standard banking review.,Pending
10/10/2020,419,Withdrawal,groceries,1598.4,FR18 5090 1332 88XG CUB1 U4EW S19,KZ03 059S X0MS TFZK ZTDG,15.74,Groceries transaction status: Pending. Record updated and logged successfully.,Groceries withdrawal transaction is awaiting processing approval with account verification and standard banking review.,Pending
10/27/2022,420,Deposit,groceries,4678.64,CY37 5163 6643 QAGU QCQT ZIJJ PUD6,SE73 7778 1038 1900 2311 9361,24.97,Groceries transaction status: Failed. Record updated and logged successfully.,Groceries deposit transaction could not be completed successfully with account verification and standard banking review.,Failed
1/15/2022,421,Transfer,groceries,1128.16,CY43 1013 4011 OO1Y EKLV EB29 G1W0,FR07 2058 2552 31PX NXJW GQYK 200,7.76,Groceries transaction status: Pending. Record updated and logged successfully.,Groceries transfer transaction is awaiting processing approval with account verification and standard banking review.,Pending
1/27/2020,422,Deposit,groceries,8732.57,GB33 VPKU 8089 5440 8267 65,LT68 7729 1800 9928 5440,14.5,Groceries transaction status: Failed. Record updated and logged successfully.,Groceries deposit transaction could not be completed successfully with account verification and standard banking review.,Failed
9/5/2021,423,Transfer,utilities,1366.89,MU49 RTIO 0605 8307 8755 6144 211C XN,IL13 1460 5280 1008 6864 473,5.71,Utilities transaction status: Completed. Record updated and logged successfully.,Utilities transfer transaction completed successfully with account verification and standard banking review.,Completed
11/1/2021,424,Transfer,utilities,1051.13,LV77 UWWB S3BF 1NQJ EWTG R,FR47 2343 2540 78SZ NH6N VNKV 646,24.11,Utilities transaction status: Failed. Record updated and logged successfully.,Utilities transfer transaction could not be completed successfully with account verification and standard banking review.,Failed
1/16/2020,425,Withdrawal,utilities,9621.63,IL24 6178 7500 8478 7997 625,LB18 3669 KX6J RQQM UV8A MO9Z THKA,31.19,Utilities transaction status: Pending. Record updated and logged successfully.,Utilities withdrawal transaction is awaiting processing approval with account verification and standard banking review.,Pending
6/30/2021,426,Transfer,entertainment,8508.38,BA28 4204 3929 1496 7403,LU88 994D IWI2 B3FX HH4G,26.65,Entertainment transaction status: Completed. Record updated and logged successfully.,Entertainment transfer transaction completed successfully with account verification and standard banking review.,Completed
5/1/2022,427,Transfer,entertainment,4459.54,RO04 UGME SLTO LTK1 SPTG IXCR,KW02 YFDX XNPH HYWT PAUH 3FVM UCQB BG,28.05,Entertainment transaction status: Failed. Record updated and logged successfully.,Entertainment transfer transaction could not be completed successfully with account verification and standard banking review.,Failed
12/30/2021,428,Withdrawal,groceries,4849.63,HU04 1361 9499 5758 2048 7857 8472,IS96 1391 3437 7249 6944 9818 11,14.81,Groceries transaction status: Pending. Record updated and logged successfully.,Groceries withdrawal transaction is awaiting processing approval with account verification and standard banking review.,Pending
4/26/2020,429,Withdrawal,utilities,8701.99,LI42 2176 003A NKR9 MWXL X,DO30 2EN1 4905 7412 6634 0042 7251,49.34,Utilities transaction status: Completed. Record updated and logged successfully.,Utilities withdrawal transaction completed successfully with account verification and standard banking review.,Completed
11/1/2021,430,Deposit,groceries,9866.87,GT82 PD8W ELRP RRDI HGOY TTNW Y5I8,CH95 2856 76W4 KWMS T9AB H,39.16,Groceries transaction status: Failed. Record updated and logged successfully.,Groceries deposit transaction could not be completed successfully with account verification and standard banking review.,Failed
5/1/2021,431,Deposit,groceries,6893.13,BA64 6844 6011 7779 6332,FR52 6361 7752 76AD 3J4F OZOU 507,47.33,Groceries transaction status: Failed. Record updated and logged successfully.,Groceries deposit transaction could not be completed successfully with account verification and standard banking review.,Failed
7/4/2021,432,Deposit,groceries,1881.69,BE31 0228 6005 9284,HR24 1643 4864 9495 6620 6,46.39,Groceries transaction status: Failed. Record updated and logged successfully.,Groceries deposit transaction could not be completed successfully with account verification and standard banking review.,Failed
2/20/2022,433,Transfer,utilities,2929.5,SA39 47XB 0OW9 LUOP HEEY LJOG,AE37 2962 9824 8618 6624 427,36.97,Utilities transaction status: Pending. Record updated and logged successfully.,Utilities transfer transaction is awaiting processing approval with account verification and standard banking review.,Pending
10/8/2020,434,Deposit,groceries,347.12,MU12 PTLD 0511 5521 6486 5448 960Y VU,DE37 1097 4524 9948 7198 44,2.04,Groceries transaction status: Failed. Record updated and logged successfully.,Groceries deposit transaction could not be completed successfully with account verification and standard banking review.,Failed
5/17/2022,435,Transfer,utilities,6612.42,VG12 UDYA 9278 9452 9533 3908,FR45 8867 3169 035E NGIN 0C70 V65,44.5,Utilities transaction status: Failed. Record updated and logged successfully.,Utilities transfer transaction could not be completed successfully with account verification and standard banking review.,Failed
1/3/2021,436,Deposit,entertainment,6817.76,FR95 6243 1183 47ZY 7USK D0QG 791,GR08 6368 834C EZJ8 7Z3G ZFFP CCO,48.48,Entertainment transaction status: Completed. Record updated and logged successfully.,Entertainment deposit transaction completed successfully with account verification and standard banking review.,Completed
2/2/2021,437,Transfer,groceries,2744.24,LV19 ZAJE G2IT BHD1 C5SD Z,FR68 2921 5537 38M8 YT9M GKC6 N73,47.14,Groceries transaction status: Failed. Record updated and logged successfully.,Groceries transfer transaction could not be completed successfully with account verification and standard banking review.,Failed
8/12/2021,438,Deposit,entertainment,6211.25,FR72 3592 9084 58FC WOS3 IGOB 799,GL28 8542 8014 3225 10,42.29,Entertainment transaction status: Completed. Record updated and logged successfully.,Entertainment deposit transaction completed successfully with account verification and standard banking review.,Completed
6/24/2021,439,Deposit,entertainment,9397.72,GB75 FIEW 4495 5315 9195 68,PS02 KYMN O8CP HZ7D MRED MT3U AU9S G,28.68,Entertainment transaction status: Pending. Record updated and logged successfully.,Entertainment deposit transaction is awaiting processing approval with account verification and standard banking review.,Pending
8/18/2021,440,Transfer,entertainment,9540.36,CH53 6561 9BJF OLOV YLET W,FR17 6105 9625 10A8 UJN3 6IUD D47,4.75,Entertainment transaction status: Completed. Record updated and logged successfully.,Entertainment transfer transaction completed successfully with account verification and standard banking review.,Completed
3/19/2021,441,Withdrawal,entertainment,127.17,PS14 ONKX NLZB H99G 6JZ5 MPJ6 PIBX T,SM13 V750 2518 857C WIDN XVYI SQM,34.74,Entertainment transaction status: Completed. Record updated and logged successfully.,Entertainment withdrawal transaction completed successfully with account verification and standard banking review.,Completed
1/13/2022,442,Deposit,utilities,2571.89,MR33 4506 9790 6659 6916 3322 139,BR72 3747 7278 3819 6880 8833 158R E,1.12,Utilities transaction status: Pending. Record updated and logged successfully.,Utilities deposit transaction is awaiting processing approval with account verification and standard banking review.,Pending
3/26/2021,443,Transfer,groceries,6334.14,EE13 8049 6218 7247 4547,HU32 6434 6726 9134 6639 7941 8248,4.31,Groceries transaction status: Pending. Record updated and logged successfully.,Groceries transfer transaction is awaiting processing approval with account verification and standard banking review.,Pending
10/10/2020,444,Transfer,entertainment,1904.02,MR45 5049 1157 0884 8991 2666 178,FR02 4179 7708 380C ZNDA G609 L60,36.4,Entertainment transaction status: Completed. Record updated and logged successfully.,Entertainment transfer transaction completed successfully with account verification and standard banking review.,Completed
8/10/2021,445,Withdrawal,entertainment,1313.03,IE63 QRVN 9847 4649 4594 51,LV57 XFBI QV99 L5ZD MBBU F,31.65,Entertainment transaction status: Failed. Record updated and logged successfully.,Entertainment withdrawal transaction could not be completed successfully with account verification and standard banking review.,Failed
4/3/2021,446,Transfer,utilities,5707.9,MT19 KJSX 7213 2PZB BTKG WJ5Z 049W RPB,LV07 XYWO 4BUA SREZ PBZS S,2.64,Utilities transaction status: Failed. Record updated and logged successfully.,Utilities transfer transaction could not be completed successfully with account verification and standard banking review.,Failed
4/16/2022,447,Withdrawal,groceries,5092.36,SI76 1586 9173 8378 128,MU43 BOMG 6407 6868 9719 3001 345K ZP,39.02,Groceries transaction status: Completed. Record updated and logged successfully.,Groceries withdrawal transaction completed successfully with account verification and standard banking review.,Completed
3/7/2021,448,Deposit,utilities,3841.8,FR48 5791 2796 95WC GIFD A9ZG O30,DE78 5720 9038 4689 0841 06,1.36,Utilities transaction status: Pending. Record updated and logged successfully.,Utilities deposit transaction is awaiting processing approval with account verification and standard banking review.,Pending
5/26/2022,449,Withdrawal,groceries,3993.79,AD11 3089 6406 L3PH GM4Q R42K,IT95 X543 2758 375Z 8X6T GFNM AO1,11.01,Groceries transaction status: Completed. Record updated and logged successfully.,Groceries withdrawal transaction completed successfully with account verification and standard banking review.,Completed
2/12/2021,450,Withdrawal,groceries,1826.28,AZ39 XYOT B43Z CIO2 SEU0 KPO4 DGJZ,BH04 QUEP 0S3J R5R6 XZ1Z JE,7.06,Groceries transaction status: Completed. Record updated and logged successfully.,Groceries withdrawal transaction completed successfully with account verification and standard banking review.,Completed
2/22/2020,451,Withdrawal,entertainment,2938.15,DK38 5030 2564 3569 28,HU93 7045 8876 8726 9352 1576 8249,13.75,Entertainment transaction status: Failed. Record updated and logged successfully.,Entertainment withdrawal transaction could not be completed successfully with account verification and standard banking review.,Failed
10/22/2022,452,Withdrawal,entertainment,9232.0,AE28 1932 4129 1267 3354 907,LB14 8681 08RD BSM8 DTT4 V3XV ISBN,5.47,Entertainment transaction status: Completed. Record updated and logged successfully.,Entertainment withdrawal transaction completed successfully with account verification and standard banking review.,Completed
7/6/2020,453,Withdrawal,utilities,9134.31,LI12 3759 4HJF YOTR LUQU N,SI82 4238 4892 5756 642,2.27,Utilities transaction status: Pending. Record updated and logged successfully.,Utilities withdrawal transaction is awaiting processing approval with account verification and standard banking review.,Pending
6/15/2021,454,Withdrawal,entertainment,875.78,LT86 4848 0872 6600 6451,FR09 1489 7104 44Z6 LBLD 0FSI H54,3.06,Entertainment transaction status: Pending. Record updated and logged successfully.,Entertainment withdrawal transaction is awaiting processing approval with account verification and standard banking review.,Pending
3/12/2022,455,Deposit,groceries,3765.9,ES47 8374 5361 6840 7898 7962,LT35 8341 5988 3180 3458,33.0,Groceries transaction status: Completed. Record updated and logged successfully.,Groceries deposit transaction completed successfully with account verification and standard banking review.,Completed
12/11/2021,456,Deposit,groceries,3697.58,LT98 6710 4884 2012 4651,GT79 R23E K5B4 KECW 8OWT QOII GUU3,45.94,Groceries transaction status: Completed. Record updated and logged successfully.,Groceries deposit transaction completed successfully with account verification and standard banking review.,Completed
9/2/2022,457,Withdrawal,utilities,1289.73,DO87 CSCF 1136 7882 8290 8843 6407,GE80 GE74 5384 2472 4228 16,44.46,Utilities transaction status: Pending. Record updated and logged successfully.,Utilities withdrawal transaction is awaiting processing approval with account verification and standard banking review.,Pending
12/28/2021,458,Transfer,utilities,2186.27,PS18 GTNW OZW8 ZVIZ C8PW KG3Y OEHO D,AD97 6460 2137 YYUV 5W9M COQW,35.84,Utilities transaction status: Failed. Record updated and logged successfully.,Utilities transfer transaction could not be completed successfully with account verification and standard banking review.,Failed
3/11/2021,459,Transfer,utilities,3345.66,BE09 5882 4946 9377,ES22 8384 0222 1476 7145 1589,31.08,Utilities transaction status: Failed. Record updated and logged successfully.,Utilities transfer transaction could not be completed successfully with account verification and standard banking review.,Failed
4/7/2022,460,Withdrawal,entertainment,1291.79,CR80 1468 6094 4141 1135 4,LB65 2019 BMUM 3GWN KEHK QR21 QIST,39.66,Entertainment transaction status: Pending. Record updated and logged successfully.,Entertainment withdrawal transaction is awaiting processing approval with account verification and standard banking review.,Pending
11/14/2022,461,Withdrawal,entertainment,4546.36,AE90 5649 6929 9602 8009 866,BH88 OHGA WMK1 KN01 BUH7 D4,20.95,Entertainment transaction status: Completed. Record updated and logged successfully.,Entertainment withdrawal transaction completed successfully with account verification and standard banking review.,Completed
7/10/2022,462,Transfer,entertainment,9846.62,RS60 5144 3626 5395 1177 91,SE58 2456 7684 4503 9044 5030,35.66,Entertainment transaction status: Pending. Record updated and logged successfully.,Entertainment transfer transaction is awaiting processing approval with account verification and standard banking review.,Pending
9/10/2022,463,Deposit,utilities,8375.3,BH53 YRIB FL1W NCG2 K09G M1,BE71 3236 7387 3902,19.3,Utilities transaction status: Failed. Record updated and logged successfully.,Utilities deposit transaction could not be completed successfully with account verification and standard banking review.,Failed
5/27/2021,464,Withdrawal,entertainment,5337.67,BG96 VKIK 7357 763F LTFY AP,LB44 4295 N0LF R9OC FTAL GF29 CUTE,26.61,Entertainment transaction status: Pending. Record updated and logged successfully.,Entertainment withdrawal transaction is awaiting processing approval with account verification and standard banking review.,Pending
6/25/2020,465,Deposit,entertainment,5074.57,GE04 TZ34 4571 1984 2999 30,FO08 6251 7316 1300 92,14.91,Entertainment transaction status: Completed. Record updated and logged successfully.,Entertainment deposit transaction completed successfully with account verification and standard banking review.,Completed
3/29/2022,466,Deposit,groceries,7527.36,MU31 GVBG 9115 3392 0005 4231 022R MX,DK25 9443 7471 3782 00,13.99,Groceries transaction status: Completed. Record updated and logged successfully.,Groceries deposit transaction completed successfully with account verification and standard banking review.,Completed
3/25/2021,467,Deposit,entertainment,1642.4,LV29 FYPG BZTS CGOS DJXL X,PL80 0851 0674 5424 9863 8646 0820,48.52,Entertainment transaction status: Completed. Record updated and logged successfully.,Entertainment deposit transaction completed successfully with account verification and standard banking review.,Completed
5/13/2021,468,Withdrawal,groceries,9761.16,DE98 9480 9597 7848 7578 84,MR07 7896 8844 0905 6345 3004 226,45.73,Groceries transaction status: Pending. Record updated and logged successfully.,Groceries withdrawal transaction is awaiting processing approval with account verification and standard banking review.,Pending
5/10/2020,469,Transfer,utilities,4192.7,BR54 8707 6315 1729 3792 6018 899W H,GR37 6343 685X MK9Q 3NIJ WAEK EC7,3.91,Utilities transaction status: Pending. Record updated and logged successfully.,Utilities transfer transaction is awaiting processing approval with account verification and standard banking review.,Pending
10/8/2020,470,Deposit,entertainment,7152.17,GT82 W6BL MFMT H43S SPRA 0JX5 QAWB,DE08 9325 0644 2989 5052 52,26.61,Entertainment transaction status: Pending. Record updated and logged successfully.,Entertainment deposit transaction is awaiting processing approval with account verification and standard banking review.,Pending
3/9/2021,471,Deposit,groceries,8117.65,SM69 B407 7597 671F JTXH YYVK TZF,IT64 T058 2313 192M IKF7 MQEL 7HQ,15.06,Groceries transaction status: Failed. Record updated and logged successfully.,Groceries deposit transaction could not be completed successfully with account verification and standard banking review.,Failed
11/15/2020,472,Deposit,utilities,8983.85,CH89 6912 9JHN VFDH GYOG Q,LI83 6013 98OT CGGU CAUV H,42.05,Utilities transaction status: Pending. Record updated and logged successfully.,Utilities deposit transaction is awaiting processing approval with account verification and standard banking review.,Pending
1/5/2022,473,Deposit,groceries,3826.75,LU75 894Q UW8B H7RF GKCT,BG81 NRHW 7558 31Q3 ZZAH PB,6.21,Groceries transaction status: Pending. Record updated and logged successfully.,Groceries deposit transaction is awaiting processing approval with account verification and standard banking review.,Pending
12/13/2022,474,Withdrawal,utilities,1020.62,TN04 1610 9183 0878 4740 7533,SI67 0697 9423 7961 961,37.61,Utilities transaction status: Completed. Record updated and logged successfully.,Utilities withdrawal transaction completed successfully with account verification and standard banking review.,Completed
1/27/2020,475,Deposit,entertainment,3892.92,MC23 3757 2765 68UG 0EQO ZIEM T00,FR44 2212 7901 3650 TGJN YZRB M52,41.4,Entertainment transaction status: Failed. Record updated and logged successfully.,Entertainment deposit transaction could not be completed successfully with account verification and standard banking review.,Failed
1/4/2022,476,Deposit,groceries,3948.24,CH37 3160 2XHW L87L AVXV F,RS19 7768 4736 7693 5581 23,18.45,Groceries transaction status: Failed. Record updated and logged successfully.,Groceries deposit transaction could not be completed successfully with account verification and standard banking review.,Failed
10/3/2021,477,Withdrawal,groceries,5080.11,IL78 3439 8456 5777 1775 814,RO87 SZZP S5HO A2T8 VKTW 6QVD,8.06,Groceries transaction status: Failed. Record updated and logged successfully.,Groceries withdrawal transaction could not be completed successfully with account verification and standard banking review.,Failed
8/6/2020,478,Transfer,utilities,9198.02,DK13 5706 1109 2876 85,GE58 CN11 5823 1670 1285 08,39.04,Utilities transaction status: Pending. Record updated and logged successfully.,Utilities transfer transaction is awaiting processing approval with account verification and standard banking review.,Pending
8/24/2022,479,Deposit,groceries,3682.24,GL06 6460 0029 5864 90,AD83 5885 3085 X7YX 55CB EA0O,33.32,Groceries transaction status: Completed. Record updated and logged successfully.,Groceries deposit transaction completed successfully with account verification and standard banking review.,Completed
11/24/2022,480,Withdrawal,utilities,6250.05,LI46 2398 8JAF CF3U VIAL D,KZ88 903D SYMW UWRE HTWP,6.82,Utilities transaction status: Pending. Record updated and logged successfully.,Utilities withdrawal transaction is awaiting processing approval with account verification and standard banking review.,Pending
7/28/2020,481,Withdrawal,utilities,9262.46,SM92 K810 5036 3740 P7L1 QLAK AQG,MC85 2521 9596 55HN YUUS A9Q6 A16,37.43,Utilities transaction status: Pending. Record updated and logged successfully.,Utilities withdrawal transaction is awaiting processing approval with account verification and standard banking review.,Pending
8/28/2021,482,Deposit,entertainment,7588.21,DK82 8946 5774 9901 58,LI77 0011 6MWA ZON3 3ITW N,1.19,Entertainment transaction status: Completed. Record updated and logged successfully.,Entertainment deposit transaction completed successfully with account verification and standard banking review.,Completed
5/6/2020,483,Withdrawal,utilities,969.01,LI47 0567 65JR IKHB IHI0 W,AE63 9240 0761 6852 4069 693,37.07,Utilities transaction status: Pending. Record updated and logged successfully.,Utilities withdrawal transaction is awaiting processing approval with account verification and standard banking review.,Pending
12/16/2022,484,Transfer,utilities,8159.16,ME48 0200 8673 0013 0523 45,NL76 MYUA 3303 4913 47,18.53,Utilities transaction status: Completed. Record updated and logged successfully.,Utilities transfer transaction completed successfully with account verification and standard banking review.,Completed
5/28/2022,485,Transfer,utilities,1611.42,EE09 8617 3795 0718 1062,DE86 0542 7317 5278 8935 86,20.75,Utilities transaction status: Completed. Record updated and logged successfully.,Utilities transfer transaction completed successfully with account verification and standard banking review.,Completed
10/8/2022,486,Transfer,groceries,6474.54,GI05 IBOO H0MQ E8EE U98R AFO,MR49 6551 5888 0816 0902 5585 733,34.13,Groceries transaction status: Pending. Record updated and logged successfully.,Groceries transfer transaction is awaiting processing approval with account verification and standard banking review.,Pending
9/11/2022,487,Deposit,entertainment,3154.06,IL03 6159 7491 8055 7818 427,TR25 5472 7LFB X4KJ TVXH JFQ5 BA,4.09,Entertainment transaction status: Completed. Record updated and logged successfully.,Entertainment deposit transaction completed successfully with account verification and standard banking review.,Completed
6/26/2021,488,Transfer,groceries,9033.93,FR77 8627 9162 00U0 NR3F 9POD W33,LI92 8786 26AX ZIZ4 GXJV M,41.66,Groceries transaction status: Completed. Record updated and logged successfully.,Groceries transfer transaction completed successfully with account verification and standard banking review.,Completed
10/3/2022,489,Deposit,groceries,4384.22,SI44 3308 1437 8135 470,MC26 5307 7155 74ZK FGEY 1BXO F79,2.13,Groceries transaction status: Failed. Record updated and logged successfully.,Groceries deposit transaction could not be completed successfully with account verification and standard banking review.,Failed
3/26/2020,490,Deposit,entertainment,4532.58,NL75 UIVD 0000 9185 52,GL13 3462 1964 2781 80,21.88,Entertainment transaction status: Failed. Record updated and logged successfully.,Entertainment deposit transaction could not be completed successfully with account verification and standard banking review.,Failed
10/22/2022,491,Deposit,entertainment,4745.99,FO34 1108 6463 6242 70,FR62 0670 5223 42CH 5J5N UCON C63,45.26,Entertainment transaction status: Completed. Record updated and logged successfully.,Entertainment deposit transaction completed successfully with account verification and standard banking review.,Completed
3/28/2020,492,Deposit,groceries,2301.49,FO19 0495 1470 4403 82,PL02 0929 3101 3075 4169 7241 4454,30.26,Groceries transaction status: Pending. Record updated and logged successfully.,Groceries deposit transaction is awaiting processing approval with account verification and standard banking review.,Pending
9/6/2020,493,Transfer,groceries,8085.66,EE07 0818 8903 5535 0780,GT15 AHA1 SRDC EX9M WCIB EYQE LL3H,40.11,Groceries transaction status: Failed. Record updated and logged successfully.,Groceries transfer transaction could not be completed successfully with account verification and standard banking review.,Failed
2/19/2020,494,Withdrawal,entertainment,8193.64,LV18 HZWB HS6R T3R7 JCOF F,BA93 1067 7199 3978 2363,42.82,Entertainment transaction status: Completed. Record updated and logged successfully.,Entertainment withdrawal transaction completed successfully with account verification and standard banking review.,Completed
9/19/2021,495,Withdrawal,utilities,3201.04,MC97 9234 5453 85X8 GPUW MRJM B88,FR58 7425 1568 385M GYNK LJYK B27,35.79,Utilities transaction status: Failed. Record updated and logged successfully.,Utilities withdrawal transaction could not be completed successfully with account verification and standard banking review.,Failed
9/21/2022,496,Withdrawal,groceries,8608.89,SA95 88RP MXDC JRKJ Z7VN B5I8,EE27 5272 4514 3124 0892,22.25,Groceries transaction status: Pending. Record updated and logged successfully.,Groceries withdrawal transaction is awaiting processing approval with account verification and standard banking review.,Pending
4/24/2022,497,Deposit,utilities,9414.33,LT93 5560 7956 2047 8161,FR37 1226 5365 54ZJ JK2W GAC8 385,43.32,Utilities transaction status: Failed. Record updated and logged successfully.,Utilities deposit transaction could not be completed successfully with account verification and standard banking review.,Failed
4/13/2020,498,Transfer,utilities,9346.73,SK95 1056 9337 4901 5977 9860,HR69 7628 5266 2112 7323 2,40.82,Utilities transaction status: Pending. Record updated and logged successfully.,Utilities transfer transaction is awaiting processing approval with account verification and standard banking review.,Pending
4/21/2020,499,Withdrawal,groceries,3610.55,SK36 6264 3040 1644 7424 4574,CH07 0494 41TU QT8K Q3PV Z,40.8,Groceries transaction status: Completed. Record updated and logged successfully.,Groceries withdrawal transaction completed successfully with account verification and standard banking review.,Completed
10/25/2022,500,Withdrawal,entertainment,9833.85,SM61 G577 0161 532W EQKH XCQO V7U,SE41 3664 6998 7175 4789 4756,0.31,Entertainment transaction status: Completed. Record updated and logged successfully.,Entertainment withdrawal transaction completed successfully with account verification and standard banking review.,Completed
11/18/2021,501,Withdrawal,entertainment,4483.76,RO86 YAJV RAJT OYLK AJSE QJR0,SM43 J663 6416 324Y PIZ7 Q6VO 35S,48.53,Entertainment transaction status: Failed. Record updated and logged successfully.,Entertainment withdrawal transaction could not be completed successfully with account verification and standard banking review.,Failed
1/18/2022,502,Transfer,groceries,9863.75,MD71 FGWU TSGT SL0N ZFLJ EWZ0,AT44 2307 7744 4346 0788,47.29,Groceries transaction status: Completed. Record updated and logged successfully.,Groceries transfer transaction completed successfully with account verification and standard banking review.,Completed
7/13/2021,503,Deposit,entertainment,1011.14,LI62 3237 43BI GFAS ELIK 6,AZ64 XJTW Z6HJ MDWL XYMN RJRF XULK,43.4,Entertainment transaction status: Completed. Record updated and logged successfully.,Entertainment deposit transaction completed successfully with account verification and standard banking review.,Completed
5/8/2021,504,Withdrawal,entertainment,6481.6,NL26 PYVK 0846 9220 95,SA90 33WR WUCF KRMZ LSMB QFQ5,16.64,Entertainment transaction status: Failed. Record updated and logged successfully.,Entertainment withdrawal transaction could not be completed successfully with account verification and standard banking review.,Failed
7/21/2022,505,Deposit,entertainment,1487.79,FO30 9880 8940 9369 06,IS97 0565 8058 6370 0777 0010 86,45.3,Entertainment transaction status: Failed. Record updated and logged successfully.,Entertainment deposit transaction could not be completed successfully with account verification and standard banking review.,Failed
6/6/2020,506,Withdrawal,groceries,7794.11,AZ60 KLAY HADY YFHT OOEQ 8ZNF FZM5,HR37 4996 3033 3596 3072 1,12.7,Groceries transaction status: Completed. Record updated and logged successfully.,Groceries withdrawal transaction completed successfully with account verification and standard banking review.,Completed
6/11/2022,507,Deposit,entertainment,3196.78,FR54 2126 4750 15WQ 5XPH HHP0 461,ME17 1822 3787 7913 7223 94,46.15,Entertainment transaction status: Failed. Record updated and logged successfully.,Entertainment deposit transaction could not be completed successfully with account verification and standard banking review.,Failed
5/3/2022,508,Withdrawal,groceries,4738.44,LT94 6544 1399 8093 0310,EE67 3318 3764 5966 3161,26.39,Groceries transaction status: Completed. Record updated and logged successfully.,Groceries withdrawal transaction completed successfully with account verification and standard banking review.,Completed
5/6/2022,509,Deposit,entertainment,8674.11,IS85 4985 3642 5086 0413 9155 60,FR58 4967 6096 13AG UAPY I203 B27,27.31,Entertainment transaction status: Failed. Record updated and logged successfully.,Entertainment deposit transaction could not be completed successfully with account verification and standard banking review.,Failed
10/21/2020,510,Withdrawal,utilities,8527.51,AT67 4225 4799 8718 2985,FR20 9282 2170 06OB UKPI XUU2 Q91,38.59,Utilities transaction status: Completed. Record updated and logged successfully.,Utilities withdrawal transaction completed successfully with account verification and standard banking review.,Completed
6/20/2022,511,Transfer,utilities,9663.96,LI62 6424 3LV0 RRXW 7N70 5,MU60 MHQX 9573 8305 5666 7559 988O LN,27.04,Utilities transaction status: Pending. Record updated and logged successfully.,Utilities transfer transaction is awaiting processing approval with account verification and standard banking review.,Pending
4/22/2020,512,Withdrawal,utilities,6477.83,RS39 2009 7439 2030 6569 49,FR66 3512 1832 56G0 MTHN GJPZ K75,33.28,Utilities transaction status: Completed. Record updated and logged successfully.,Utilities withdrawal transaction completed successfully with account verification and standard banking review.,Completed
5/14/2021,513,Withdrawal,utilities,4468.85,MU21 UZWW 1493 6510 9201 6128 130N XR,MD27 66K5 QHXS EL5W 8NUW PYCL,11.63,Utilities transaction status: Failed. Record updated and logged successfully.,Utilities withdrawal transaction could not be completed successfully with account verification and standard banking review.,Failed
1/11/2021,514,Deposit,entertainment,8678.72,GI03 URNE EDGN LBNF DFDV UVO,TR23 6549 2AKJ 7LRJ FJ7R KQAA SF,11.01,Entertainment transaction status: Failed. Record updated and logged successfully.,Entertainment deposit transaction could not be completed successfully with account verification and standard banking review.,Failed
9/25/2020,515,Deposit,groceries,1818.03,CH08 1789 43A9 AVHV DVHM P,LB79 4970 GMCD DVVF AQYD TDFK JGL2,27.42,Groceries transaction status: Completed. Record updated and logged successfully.,Groceries deposit transaction completed successfully with account verification and standard banking review.,Completed
5/7/2020,516,Withdrawal,utilities,5998.15,IE56 WQVN 0056 9714 7021 28,CH19 1892 6X9G AONN IYNZ U,38.59,Utilities transaction status: Pending. Record updated and logged successfully.,Utilities withdrawal transaction is awaiting processing approval with account verification and standard banking review.,Pending
2/12/2022,517,Deposit,entertainment,1460.77,FI08 3063 5066 6510 85,PT32 5981 6610 7936 9556 7818 5,20.18,Entertainment transaction status: Completed. Record updated and logged successfully.,Entertainment deposit transaction completed successfully with account verification and standard banking review.,Completed
10/18/2022,518,Withdrawal,entertainment,8141.51,AL45 4697 6676 PYFT QQAX 88KM U22T,AZ67 QBFI 2URS RUAK J0GB 067G MNHL,37.37,Entertainment transaction status: Pending. Record updated and logged successfully.,Entertainment withdrawal transaction is awaiting processing approval with account verification and standard banking review.,Pending
1/17/2021,519,Deposit,groceries,5523.01,DK13 0485 0448 6439 08,TN66 0370 5061 8328 5696 4912,11.84,Groceries transaction status: Failed. Record updated and logged successfully.,Groceries deposit transaction could not be completed successfully with account verification and standard banking review.,Failed
1/12/2020,520,Deposit,groceries,5875.43,IL59 6783 3079 6912 6572 180,MR24 2823 5956 9072 5882 7960 393,37.31,Groceries transaction status: Completed. Record updated and logged successfully.,Groceries deposit transaction completed successfully with account verification and standard banking review.,Completed
4/6/2022,521,Transfer,groceries,447.86,FR12 6173 7504 46UW ZQH2 EINN L16,IE14 NBMD 9651 8175 9052 43,36.91,Groceries transaction status: Completed. Record updated and logged successfully.,Groceries transfer transaction completed successfully with account verification and standard banking review.,Completed
6/12/2020,522,Deposit,entertainment,785.9,SA76 698R LCLP B5TD SL9K TMXF,MR04 7041 4181 6956 9732 3533 168,37.89,Entertainment transaction status: Failed. Record updated and logged successfully.,Entertainment deposit transaction could not be completed successfully with account verification and standard banking review.,Failed
2/6/2022,523,Transfer,entertainment,1012.1,PK19 DXTP L2XD B38F ZKRI KXSM,NL61 CLOZ 7707 3140 20,35.78,Entertainment transaction status: Completed. Record updated and logged successfully.,Entertainment transfer transaction completed successfully with account verification and standard banking review.,Completed
8/3/2022,524,Withdrawal,groceries,9917.56,DO39 TW1R 6743 8978 2474 1005 5979,EE05 4719 2027 0535 5269,7.02,Groceries transaction status: Pending. Record updated and logged successfully.,Groceries withdrawal transaction is awaiting processing approval with account verification and standard banking review.,Pending
3/25/2020,525,Deposit,entertainment,5033.88,DE15 5118 4695 2917 8386 44,HR96 2742 5909 9815 1930 6,38.7,Entertainment transaction status: Pending. Record updated and logged successfully.,Entertainment deposit transaction is awaiting processing approval with account verification and standard banking review.,Pending
7/31/2022,526,Transfer,utilities,9595.81,FR72 8402 9170 19EC UOEQ 1T00 B11,LV41 UUFF FSPQ LDZF YLGC J,0.67,Utilities transaction status: Failed. Record updated and logged successfully.,Utilities transfer transaction could not be completed successfully with account verification and standard banking review.,Failed
2/7/2022,527,Deposit,utilities,1324.23,SK57 9563 8458 3167 7869 7252,EE26 6724 5585 6643 4276,27.62,Utilities transaction status: Completed. Record updated and logged successfully.,Utilities deposit transaction completed successfully with account verification and standard banking review.,Completed
3/1/2021,528,Withdrawal,entertainment,6814.94,IS28 9355 7448 6858 9623 8404 51,SE64 9480 1148 8519 6969 7101,10.46,Entertainment transaction status: Completed. Record updated and logged successfully.,Entertainment withdrawal transaction completed successfully with account verification and standard banking review.,Completed
8/14/2021,529,Deposit,utilities,1085.39,HU50 2724 5806 0123 7623 6034 5712,PK36 XYGB 3ZDU 0XG5 TN33 76YC,29.81,Utilities transaction status: Failed. Record updated and logged successfully.,Utilities deposit transaction could not be completed successfully with account verification and standard banking review.,Failed
11/17/2022,530,Deposit,entertainment,2345.2,MD74 8K0Z GGKG GTHG AYBO GEZ3,CH68 0183 8T9T Y5ZR QUS2 8,7.62,Entertainment transaction status: Failed. Record updated and logged successfully.,Entertainment deposit transaction could not be completed successfully with account verification and standard banking review.,Failed
11/29/2021,531,Deposit,entertainment,5637.87,FR52 7829 8974 037C UCC4 EL9E J33,GR13 6941 8001 LPKZ WRKB DB5P 8BT,31.25,Entertainment transaction status: Failed. Record updated and logged successfully.,Entertainment deposit transaction could not be completed successfully with account verification and standard banking review.,Failed
6/20/2022,532,Deposit,entertainment,3972.77,PS53 JTZC CYKZ DVJJ PSMM QTLD LB3X W,CY34 8831 3691 QOGX YKN3 YTBZ Y3FF,2.03,Entertainment transaction status: Pending. Record updated and logged successfully.,Entertainment deposit transaction is awaiting processing approval with account verification and standard banking review.,Pending
6/11/2020,533,Withdrawal,entertainment,9109.28,KW37 TWUV SRJU LEZU WZ57 5RE4 E0TL EX,LI95 5405 3MPQ QDRL 8EPA 6,42.7,Entertainment transaction status: Pending. Record updated and logged successfully.,Entertainment withdrawal transaction is awaiting processing approval with account verification and standard banking review.,Pending
10/26/2021,534,Deposit,groceries,7032.37,PT70 5965 1437 9594 7873 9036 4,MK51 501E 5OXC 2AIU J39,23.19,Groceries transaction status: Pending. Record updated and logged successfully.,Groceries deposit transaction is awaiting processing approval with account verification and standard banking review.,Pending
2/12/2020,535,Transfer,utilities,7027.92,AE16 5959 2906 6955 7841 690,CR18 3553 0270 5206 7337 0,40.97,Utilities transaction status: Completed. Record updated and logged successfully.,Utilities transfer transaction completed successfully with account verification and standard banking review.,Completed
7/17/2022,536,Deposit,utilities,6485.06,LV22 IAME AZKO 2UU9 XPBE V,BE81 3167 9946 9754,5.03,Utilities transaction status: Failed. Record updated and logged successfully.,Utilities deposit transaction could not be completed successfully with account verification and standard banking review.,Failed
6/13/2020,537,Deposit,utilities,1814.85,NO11 6768 2155 302,CY46 3050 0921 TERG P0LF 7BD0 OW1U,27.04,Utilities transaction status: Failed. Record updated and logged successfully.,Utilities deposit transaction could not be completed successfully with account verification and standard banking review.,Failed
5/5/2022,538,Withdrawal,groceries,3006.73,AE44 6057 5022 5424 1735 813,FR69 7505 2838 480T 41WI AOJT W91,24.59,Groceries transaction status: Completed. Record updated and logged successfully.,Groceries withdrawal transaction completed successfully with account verification and standard banking review.,Completed
8/4/2020,539,Transfer,utilities,4211.74,IT26 I373 0045 626U 1BYX ETUT C7K,LU80 913Z RDPO UZBN ITMC,44.05,Utilities transaction status: Pending. Record updated and logged successfully.,Utilities transfer transaction is awaiting processing approval with account verification and standard banking review.,Pending
3/24/2020,540,Transfer,entertainment,7025.79,RO20 YAVF 9DKS BFMK ZO9S CP8Z,SM66 J834 1659 063H 4PU9 QKBK D52,15.89,Entertainment transaction status: Failed. Record updated and logged successfully.,Entertainment transfer transaction could not be completed successfully with account verification and standard banking review.,Failed
3/16/2022,541,Withdrawal,groceries,8446.14,KW85 YXQT 393K E5BC F87Z D4MN 9PKV ZR,IT44 W191 1523 408B 1WX6 ANOS CR7,40.92,Groceries transaction status: Failed. Record updated and logged successfully.,Groceries withdrawal transaction could not be completed successfully with account verification and standard banking review.,Failed
4/25/2021,542,Withdrawal,entertainment,1398.56,MK48 3256 C47B DDZL 363,HU17 0880 6429 4510 3047 4393 8795,43.84,Entertainment transaction status: Completed. Record updated and logged successfully.,Entertainment withdrawal transaction completed successfully with account verification and standard banking review.,Completed
5/1/2022,543,Transfer,utilities,7854.87,BA93 3280 1018 4355 7480,FR90 1135 9295 81YK XWGL MYMA L29,19.49,Utilities transaction status: Completed. Record updated and logged successfully.,Utilities transfer transaction completed successfully with account verification and standard banking review.,Completed
12/29/2022,544,Withdrawal,entertainment,4057.33,BE69 3898 6514 2114,FR74 5457 7197 51W8 EZTW CB1H V57,38.04,Entertainment transaction status: Pending. Record updated and logged successfully.,Entertainment withdrawal transaction is awaiting processing approval with account verification and standard banking review.,Pending
5/5/2021,545,Withdrawal,utilities,4858.82,FR34 2068 2448 765Y GTDE DOCO R43,GE79 AQ87 8134 6915 4666 63,31.95,Utilities transaction status: Pending. Record updated and logged successfully.,Utilities withdrawal transaction is awaiting processing approval with account verification and standard banking review.,Pending
2/5/2020,546,Transfer,entertainment,5323.01,BH88 NUYR ZELI YNOI XECL 7V,IS66 7937 6026 4114 2494 1583 93,25.59,Entertainment transaction status: Pending. Record updated and logged successfully.,Entertainment transfer transaction is awaiting processing approval with account verification and standard banking review.,Pending
10/18/2021,547,Withdrawal,utilities,249.29,MK37 437U SESC W5GF G27,FI93 5559 0802 4116 16,32.6,Utilities transaction status: Completed. Record updated and logged successfully.,Utilities withdrawal transaction completed successfully with account verification and standard banking review.,Completed
9/2/2022,548,Deposit,groceries,9972.38,PK41 XLWL ZUEI DDG2 5ONO VCIN,CH18 9758 7VJY 42ZK TOR5 P,36.11,Groceries transaction status: Failed. Record updated and logged successfully.,Groceries deposit transaction could not be completed successfully with account verification and standard banking review.,Failed
12/11/2022,549,Transfer,groceries,554.0,GB77 PHKX 6042 3847 5759 73,PT60 6723 8836 1116 7322 5783 4,34.24,Groceries transaction status: Failed. Record updated and logged successfully.,Groceries transfer transaction could not be completed successfully with account verification and standard banking review.,Failed
12/3/2020,550,Deposit,utilities,3494.75,DO82 MW8W 2983 8790 7274 7056 7347,FR16 7644 6917 78P4 FXCK HFFQ O96,27.5,Utilities transaction status: Completed. Record updated and logged successfully.,Utilities deposit transaction completed successfully with account verification and standard banking review.,Completed
7/23/2022,551,Deposit,utilities,8467.59,IT36 M765 7536 029J O0N2 VUXI GUL,LU65 244U OXYI KUNX QAHJ,35.87,Utilities transaction status: Failed. Record updated and logged successfully.,Utilities deposit transaction could not be completed successfully with account verification and standard banking review.,Failed
2/28/2021,552,Deposit,entertainment,8723.28,PT29 3160 0950 3531 3074 3300 2,IS64 6423 5068 5744 3341 7695 69,16.38,Entertainment transaction status: Completed. Record updated and logged successfully.,Entertainment deposit transaction completed successfully with account verification and standard banking review.,Completed
1/27/2021,553,Deposit,entertainment,6515.68,FR51 4413 9561 55CY PGKU JKUC Z38,AL37 5127 3091 RUOC WSCA RWAF DFAA,32.33,Entertainment transaction status: Completed. Record updated and logged successfully.,Entertainment deposit transaction completed successfully with account verification and standard banking review.,Completed
6/18/2022,554,Transfer,groceries,2165.18,HR03 8354 0927 1448 3306 9,FR54 3103 0340 71VE BVLI NYXH V47,38.41,Groceries transaction status: Failed. Record updated and logged successfully.,Groceries transfer transaction could not be completed successfully with account verification and standard banking review.,Failed
4/20/2020,555,Withdrawal,entertainment,5284.42,MC05 9307 0679 45X2 YS5R ZITG O85,MC79 4328 8931 12SI ACBV S5RT F46,19.78,Entertainment transaction status: Failed. Record updated and logged successfully.,Entertainment withdrawal transaction could not be completed successfully with account verification and standard banking review.,Failed
6/7/2021,556,Withdrawal,entertainment,4753.97,NL68 ATOD 6012 6500 79,FR95 0699 9557 4477 ZEBT 6UTJ Z08,44.5,Entertainment transaction status: Completed. Record updated and logged successfully.,Entertainment withdrawal transaction completed successfully with account verification and standard banking review.,Completed
9/16/2020,557,Deposit,groceries,5763.18,KZ15 276U BTAK ORZI 4JEW,BH49 YRKE FWDL 9DIL ZIQ4 YW,34.99,Groceries transaction status: Pending. Record updated and logged successfully.,Groceries deposit transaction is awaiting processing approval with account verification and standard banking review.,Pending
9/4/2020,558,Withdrawal,utilities,2545.74,LB14 8603 AQ7Q ZKOC U97S PKCE PAYO,PL81 0202 8914 3185 7528 1114 9477,7.1,Utilities transaction status: Pending. Record updated and logged successfully.,Utilities withdrawal transaction is awaiting processing approval with account verification and standard banking review.,Pending
8/21/2020,559,Deposit,entertainment,9848.95,KW06 UBJS LX9W GHCW FGNJ 9AQU TQDR B2,HU55 0100 8254 0653 7125 0358 1583,26.53,Entertainment transaction status: Failed. Record updated and logged successfully.,Entertainment deposit transaction could not be completed successfully with account verification and standard banking review.,Failed
11/3/2021,560,Transfer,entertainment,2902.06,GB39 PHMG 5463 7816 7217 42,DK37 8254 5780 8300 35,44.26,Entertainment transaction status: Completed. Record updated and logged successfully.,Entertainment transfer transaction completed successfully with account verification and standard banking review.,Completed
7/25/2021,561,Deposit,entertainment,7488.97,PS11 MYHP OUF0 LVHO U8D1 IMKG DWGT 3,MK05 056H YVEV BFH8 M67,44.03,Entertainment transaction status: Pending. Record updated and logged successfully.,Entertainment deposit transaction is awaiting processing approval with account verification and standard banking review.,Pending
12/24/2021,562,Withdrawal,utilities,2402.8,FO78 0916 3962 2907 82,FR33 3224 7763 52TZ 3YUK ZSX0 D41,40.97,Utilities transaction status: Completed. Record updated and logged successfully.,Utilities withdrawal transaction completed successfully with account verification and standard banking review.,Completed
1/14/2020,563,Transfer,utilities,2044.43,FR04 7926 2390 43CO BFHC CAH2 L90,GR49 6838 997J 3Q2I GTZG TUNF 36T,27.58,Utilities transaction status: Failed. Record updated and logged successfully.,Utilities transfer transaction could not be completed successfully with account verification and standard banking review.,Failed
2/8/2022,564,Withdrawal,entertainment,2540.36,IL63 5599 1877 6832 0059 423,MT70 EMJV 6036 8MCF J2VZ F21D FFMK NMR,17.4,Entertainment transaction status: Completed. Record updated and logged successfully.,Entertainment withdrawal transaction completed successfully with account verification and standard banking review.,Completed
9/20/2020,565,Deposit,groceries,6146.71,BA13 1269 1180 1342 3670,IS93 2380 1269 8344 9680 7044 87,19.65,Groceries transaction status: Failed. Record updated and logged successfully.,Groceries deposit transaction could not be completed successfully with account verification and standard banking review.,Failed
4/16/2022,566,Deposit,groceries,1453.84,MC87 9626 4632 46PX KI8B UEBG S68,NO75 6262 1782 684,40.29,Groceries transaction status: Pending. Record updated and logged successfully.,Groceries deposit transaction is awaiting processing approval with account verification and standard banking review.,Pending
5/29/2022,567,Withdrawal,groceries,4152.65,MU34 TJPR 0104 3294 5572 2507 342B EW,KZ57 781K JGV1 6RCL G5AJ,35.52,Groceries transaction status: Pending. Record updated and logged successfully.,Groceries withdrawal transaction is awaiting processing approval with account verification and standard banking review.,Pending
4/7/2022,568,Deposit,groceries,7859.2,NL18 TOSF 9239 8565 49,BG77 JERL 4949 40QN 4EU4 ZE,30.0,Groceries transaction status: Completed. Record updated and logged successfully.,Groceries deposit transaction completed successfully with account verification and standard banking review.,Completed
1/15/2021,569,Transfer,groceries,7631.88,LV80 KSEU UNTH QRHJ XQPB F,FR73 7558 2251 29H8 LJIM YBLQ 201,17.6,Groceries transaction status: Pending. Record updated and logged successfully.,Groceries transfer transaction is awaiting processing approval with account verification and standard banking review.,Pending
8/6/2022,570,Withdrawal,entertainment,954.84,GT52 NSRY GHW9 OD1T WHUL 5SYD ZWMV,MR35 6893 7782 7942 8580 3490 332,21.74,Entertainment transaction status: Failed. Record updated and logged successfully.,Entertainment withdrawal transaction could not be completed successfully with account verification and standard banking review.,Failed
10/19/2022,571,Withdrawal,groceries,423.87,GL13 0279 4624 3114 99,AD34 9174 8592 G2PJ MQER Y0XN,38.13,Groceries transaction status: Completed. Record updated and logged successfully.,Groceries withdrawal transaction completed successfully with account verification and standard banking review.,Completed
9/19/2021,572,Withdrawal,entertainment,5763.32,AT83 0463 0919 8975 3699,GL22 3645 6340 2371 32,0.6,Entertainment transaction status: Failed. Record updated and logged successfully.,Entertainment withdrawal transaction could not be completed successfully with account verification and standard banking review.,Failed
2/8/2020,573,Withdrawal,utilities,4123.5,FR50 7081 7779 47OJ 6S0L 8CVD V41,IS16 8356 0932 2362 5450 2436 93,14.65,Utilities transaction status: Completed. Record updated and logged successfully.,Utilities withdrawal transaction completed successfully with account verification and standard banking review.,Completed
12/14/2021,574,Transfer,groceries,4247.58,FR50 6157 5914 212K JRBI 31WT Y44,SA38 025Y S3OL EYB8 Q5CB I3V8,36.09,Groceries transaction status: Completed. Record updated and logged successfully.,Groceries transfer transaction completed successfully with account verification and standard banking review.,Completed
8/30/2021,575,Withdrawal,entertainment,5869.77,KW74 PVCS EV28 NGLP 0J1I WHBG 99LV VP,AE32 1941 0871 2581 8792 387,3.54,Entertainment transaction status: Failed. Record updated and logged successfully.,Entertainment withdrawal transaction could not be completed successfully with account verification and standard banking review.,Failed
8/28/2021,576,Deposit,groceries,9130.83,DO19 K0VI 6479 8345 5260 3906 7068,AE24 4105 5475 7092 3262 015,23.04,Groceries transaction status: Pending. Record updated and logged successfully.,Groceries deposit transaction is awaiting processing approval with account verification and standard banking review.,Pending
7/14/2021,577,Deposit,utilities,9500.58,FR92 9310 3674 747T NXKZ 94Q9 C42,SK23 3070 7154 3360 0411 7102,17.48,Utilities transaction status: Failed. Record updated and logged successfully.,Utilities deposit transaction could not be completed successfully with account verification and standard banking review.,Failed
10/30/2020,578,Transfer,utilities,4983.63,AT68 7036 6818 9887 6517,SM22 F395 7191 002A B3YM 9YDB MFU,12.06,Utilities transaction status: Completed. Record updated and logged successfully.,Utilities transfer transaction completed successfully with account verification and standard banking review.,Completed
8/5/2020,579,Deposit,groceries,1142.15,SK11 4394 8031 1746 4960 2989,GI75 EXNS 5X38 LVG5 UTPY ZZY,42.32,Groceries transaction status: Pending. Record updated and logged successfully.,Groceries deposit transaction is awaiting processing approval with account verification and standard banking review.,Pending
3/1/2020,580,Deposit,groceries,7153.22,MC79 7830 6903 07QG KWWP ZNXE T05,FR27 4577 1999 21MF IZV4 UOYY Y97,28.82,Groceries transaction status: Completed. Record updated and logged successfully.,Groceries deposit transaction completed successfully with account verification and standard banking review.,Completed
4/16/2020,581,Deposit,utilities,599.14,DO83 UEQW 1499 8668 5501 6459 7803,FR93 2135 0379 30DF 9UGA UG06 M71,18.9,Utilities transaction status: Completed. Record updated and logged successfully.,Utilities deposit transaction completed successfully with account verification and standard banking review.,Completed
6/9/2020,582,Deposit,utilities,6529.28,LB38 9592 ZCJE 7VWA IXEV VTEJ RJTN,PS57 XQGF SAIZ 7QAY F0TR RYZD ZEKG C,43.44,Utilities transaction status: Completed. Record updated and logged successfully.,Utilities deposit transaction completed successfully with account verification and standard banking review.,Completed
7/15/2020,583,Deposit,utilities,9140.38,ME17 3603 1697 9190 1792 13,GR95 0762 683G YINA GJER FXEZ HVD,8.61,Utilities transaction status: Failed. Record updated and logged successfully.,Utilities deposit transaction could not be completed successfully with account verification and standard banking review.,Failed
5/4/2022,584,Transfer,groceries,2988.53,IL37 4948 3921 8078 3148 507,PT63 8628 1296 6157 3151 3350 5,17.94,Groceries transaction status: Failed. Record updated and logged successfully.,Groceries transfer transaction could not be completed successfully with account verification and standard banking review.,Failed
11/10/2020,585,Withdrawal,utilities,7927.43,IT31 W206 3290 336V 3JFR IC63 0UY,MR28 9328 5292 5907 0641 8277 849,21.73,Utilities transaction status: Completed. Record updated and logged successfully.,Utilities withdrawal transaction completed successfully with account verification and standard banking review.,Completed
7/30/2022,586,Withdrawal,utilities,4947.51,SK31 5305 1402 8968 0424 2323,NL56 YDWP 0827 3154 96,18.78,Utilities transaction status: Pending. Record updated and logged successfully.,Utilities withdrawal transaction is awaiting processing approval with account verification and standard banking review.,Pending
2/29/2020,587,Withdrawal,entertainment,7197.53,BE03 8106 9910 1654,KW78 BMCC JOQI K3UI DA9V SQJS 8K4B VX,2.03,Entertainment transaction status: Failed. Record updated and logged successfully.,Entertainment withdrawal transaction could not be completed successfully with account verification and standard banking review.,Failed
2/17/2020,588,Deposit,groceries,4722.31,BA87 2153 0447 0535 3628,KW52 UWDR GBC7 NRW4 OR1P 7HQE 7QLX ML,25.58,Groceries transaction status: Pending. Record updated and logged successfully.,Groceries deposit transaction is awaiting processing approval with account verification and standard banking review.,Pending
2/25/2022,589,Withdrawal,utilities,6501.7,HR35 8566 3971 4366 3693 8,SK76 7559 3488 4300 6788 9233,30.06,Utilities transaction status: Pending. Record updated and logged successfully.,Utilities withdrawal transaction is awaiting processing approval with account verification and standard banking review.,Pending
5/26/2021,590,Withdrawal,groceries,8564.71,LU76 523R TJZW QG3J VQZ2,LU19 954O YZXK IZR2 R6BW,30.37,Groceries transaction status: Failed. Record updated and logged successfully.,Groceries withdrawal transaction could not be completed successfully with account verification and standard banking review.,Failed
9/9/2022,591,Deposit,groceries,7332.46,BA53 0106 5295 6862 4995,FR16 6828 3786 23RC OKW1 WXOB 637,10.25,Groceries transaction status: Completed. Record updated and logged successfully.,Groceries deposit transaction completed successfully with account verification and standard banking review.,Completed
5/19/2022,592,Transfer,utilities,3404.94,MU15 ZZKO 0163 5276 1725 5582 527T QA,SA89 00EF ZIFZ ZBPQ YWJV JYNE,30.63,Utilities transaction status: Pending. Record updated and logged successfully.,Utilities transfer transaction is awaiting processing approval with account verification and standard banking review.,Pending
2/7/2020,593,Deposit,groceries,777.48,IT63 F798 3309 997K AZVL TBTK XEU,FR52 8714 3870 95PW VD9T M2DD U90,10.85,Groceries transaction status: Completed. Record updated and logged successfully.,Groceries deposit transaction completed successfully with account verification and standard banking review.,Completed
11/25/2022,594,Deposit,utilities,9672.47,SE25 4720 2048 0420 7344 2938,CY58 2005 1783 UZBJ RMVD IDWN IFEN,2.24,Utilities transaction status: Failed. Record updated and logged successfully.,Utilities deposit transaction could not be completed successfully with account verification and standard banking review.,Failed
5/16/2021,595,Deposit,utilities,3972.07,MU14 JQOF 0957 5012 7963 8683 237V YO,FR61 3699 3844 67VE SNO9 CMJG A54,5.3,Utilities transaction status: Completed. Record updated and logged successfully.,Utilities deposit transaction completed successfully with account verification and standard banking review.,Completed
6/20/2022,596,Withdrawal,utilities,9554.11,BR74 8969 2580 6447 4009 9800 949B 1,RS50 4660 3196 3737 6272 38,6.06,Utilities transaction status: Completed. Record updated and logged successfully.,Utilities withdrawal transaction completed successfully with account verification and standard banking review.,Completed
4/23/2020,597,Transfer,utilities,6301.79,FR78 9622 6238 86UT DOJD IMGE U82,FR65 3557 8020 63DC C2FD DH4A X13,24.07,Utilities transaction status: Failed. Record updated and logged successfully.,Utilities transfer transaction could not be completed successfully with account verification and standard banking review.,Failed
6/20/2022,598,Withdrawal,groceries,7023.67,BG18 TMWY 3886 54L0 2KKU 6O,LU06 794G WI50 GWWB XJQZ,0.4,Groceries transaction status: Pending. Record updated and logged successfully.,Groceries withdrawal transaction is awaiting processing approval with account verification and standard banking review.,Pending
6/4/2020,599,Withdrawal,utilities,3510.86,LT97 2563 1545 4755 4995,FR09 0270 5060 95EX ICQ4 YI5G Z24,2.73,Utilities transaction status: Pending. Record updated and logged successfully.,Utilities withdrawal transaction is awaiting processing approval with account verification and standard banking review.,Pending
9/9/2022,600,Transfer,utilities,6757.58,EE67 1204 6568 4663 1037,FR97 3562 3995 40DX KZY1 FSQ8 M46,15.98,Utilities transaction status: Pending. Record updated and logged successfully.,Utilities transfer transaction is awaiting processing approval with account verification and standard banking review.,Pending
3/27/2022,601,Deposit,utilities,5166.41,AT58 5461 7492 7646 3492,FR59 5957 0240 94EX INFU GVOH B81,22.34,Utilities transaction status: Failed. Record updated and logged successfully.,Utilities deposit transaction could not be completed successfully with account verification and standard banking review.,Failed
2/7/2020,602,Withdrawal,groceries,3240.81,FR19 7682 2489 60ZK KHCH WVMD C70,BH78 JYHS OPPG QL58 QZXK 0S,46.34,Groceries transaction status: Pending. Record updated and logged successfully.,Groceries withdrawal transaction is awaiting processing approval with account verification and standard banking review.,Pending
12/30/2020,603,Withdrawal,entertainment,8659.44,MC49 8936 5676 62KG A1BB D5LS C12,CY53 3614 6079 DRBZ DB1A RQQF RFST,25.79,Entertainment transaction status: Pending. Record updated and logged successfully.,Entertainment withdrawal transaction is awaiting processing approval with account verification and standard banking review.,Pending
6/1/2020,604,Withdrawal,utilities,6212.46,FR11 5628 8844 039C QGA1 1MZC F71,CR09 0208 2957 9095 5772 9,11.08,Utilities transaction status: Completed. Record updated and logged successfully.,Utilities withdrawal transaction completed successfully with account verification and standard banking review.,Completed
3/8/2021,605,Deposit,groceries,369.51,GI88 ZSUQ V03I E6Q7 NHHA JKV,CY18 9177 6725 ZCUS PU2P TEUX LRQI,22.48,Groceries transaction status: Failed. Record updated and logged successfully.,Groceries deposit transaction could not be completed successfully with account verification and standard banking review.,Failed
10/6/2022,606,Withdrawal,utilities,7123.72,MT38 JPRM 1616 8VHP M0RK VBNL ST85 FR0,FR28 1101 3363 40OL Y3JA PASM Q55,38.97,Utilities transaction status: Failed. Record updated and logged successfully.,Utilities withdrawal transaction could not be completed successfully with account verification and standard banking review.,Failed
7/27/2022,607,Withdrawal,entertainment,1813.55,BG78 YCEJ 2287 58TO JE1V BM,BA91 8140 5747 5503 4448,6.96,Entertainment transaction status: Completed. Record updated and logged successfully.,Entertainment withdrawal transaction completed successfully with account verification and standard banking review.,Completed
7/2/2022,608,Withdrawal,utilities,2891.83,FR74 2202 3984 67VH 1FYF Z61L S71,FR91 3995 1177 24KW O3QP T8CO A53,28.38,Utilities transaction status: Pending. Record updated and logged successfully.,Utilities withdrawal transaction is awaiting processing approval with account verification and standard banking review.,Pending
10/12/2020,609,Withdrawal,entertainment,9613.32,FR40 0920 9092 73BG YJJQ RBFD A82,MD25 6RIH JOGF P5YM YQBM SRHT,13.5,Entertainment transaction status: Pending. Record updated and logged successfully.,Entertainment withdrawal transaction is awaiting processing approval with account verification and standard banking review.,Pending
5/26/2022,610,Withdrawal,groceries,1602.09,NL53 HQAT 4837 6025 63,AL82 2814 9035 VYRH CE2H AT9H VXDF,43.93,Groceries transaction status: Pending. Record updated and logged successfully.,Groceries withdrawal transaction is awaiting processing approval with account verification and standard banking review.,Pending
10/17/2022,611,Withdrawal,utilities,665.95,GI68 GDFS GLVH Z61P U1U7 HTU,MD53 ACSZ 2U6Y LVIV BPZD LTAO,14.51,Utilities transaction status: Failed. Record updated and logged successfully.,Utilities withdrawal transaction could not be completed successfully with account verification and standard banking review.,Failed
3/19/2022,612,Transfer,entertainment,7347.19,AZ48 EKBR HVW9 I8P2 8GGQ AYY5 G96F,FR89 6914 9829 79UG EV81 JSWV G43,3.6,Entertainment transaction status: Failed. Record updated and logged successfully.,Entertainment transfer transaction could not be completed successfully with account verification and standard banking review.,Failed
9/20/2020,613,Transfer,groceries,7244.62,LI40 3876 0UZQ HAFP 7HBQ T,KW04 DVZR ELTD NA7Z SRQL XBM4 LVWC 35,44.53,Groceries transaction status: Failed. Record updated and logged successfully.,Groceries transfer transaction could not be completed successfully with account verification and standard banking review.,Failed
2/1/2022,614,Deposit,utilities,290.87,MK54 271Q 4N7Q YIO5 B94,AL86 5021 7542 JXIA YRW4 ZJHW GGCO,36.67,Utilities transaction status: Failed. Record updated and logged successfully.,Utilities deposit transaction could not be completed successfully with account verification and standard banking review.,Failed
5/11/2020,615,Withdrawal,groceries,6371.6,RS97 0497 5566 8127 6903 59,FR31 7857 0174 69BK SOE4 OBX5 F38,49.78,Groceries transaction status: Completed. Record updated and logged successfully.,Groceries withdrawal transaction completed successfully with account verification and standard banking review.,Completed
11/12/2021,616,Transfer,utilities,8299.03,RS79 3949 3844 2097 3836 96,PS50 MIGD BQ8V UBLR M46A F2KY BTZF Y,18.94,Utilities transaction status: Completed. Record updated and logged successfully.,Utilities transfer transaction completed successfully with account verification and standard banking review.,Completed
8/1/2020,617,Deposit,utilities,3945.98,AZ42 FABB 4O8O A27F Q2GD I9O0 GKCV,LU61 069P GA9H BYYF XTFS,23.79,Utilities transaction status: Failed. Record updated and logged successfully.,Utilities deposit transaction could not be completed successfully with account verification and standard banking review.,Failed
11/23/2021,618,Withdrawal,groceries,7654.2,FR46 2412 5301 49QJ JDM0 ULHY 082,FR02 0585 8275 70V5 UQK6 PDA7 B76,46.93,Groceries transaction status: Failed. Record updated and logged successfully.,Groceries withdrawal transaction could not be completed successfully with account verification and standard banking review.,Failed
12/1/2021,619,Deposit,groceries,5552.24,CH79 2198 1AT1 DG3R H5QV J,FR33 2942 6921 00UA ZOD6 ZT57 G17,2.34,Groceries transaction status: Completed. Record updated and logged successfully.,Groceries deposit transaction completed successfully with account verification and standard banking review.,Completed
10/11/2022,620,Withdrawal,groceries,1576.24,FR35 3078 4725 70EY HIIB WGTO X55,PK39 HFML NAFV 7EGJ URRI FCEV,47.81,Groceries transaction status: Completed. Record updated and logged successfully.,Groceries withdrawal transaction completed successfully with account verification and standard banking review.,Completed
7/1/2020,621,Deposit,utilities,2174.26,FR73 0237 9983 22CO XMR4 R3SL M16,CZ76 1283 2371 9762 8468 9881,23.2,Utilities transaction status: Pending. Record updated and logged successfully.,Utilities deposit transaction is awaiting processing approval with account verification and standard banking review.,Pending
7/7/2022,622,Withdrawal,utilities,165.26,GT17 8YLI 16DE VAOZ LUOR LTVA W3GN,BG62 XTRO 6632 98HJ ZZNG 4M,32.54,Utilities transaction status: Pending. Record updated and logged successfully.,Utilities withdrawal transaction is awaiting processing approval with account verification and standard banking review.,Pending
9/19/2021,623,Deposit,groceries,3694.31,MT82 ZJKG 9521 8AYU YDKN AGSG ZMK9 ILM,FR25 7158 1068 075B GJMN 5PGX T02,45.63,Groceries transaction status: Pending. Record updated and logged successfully.,Groceries deposit transaction is awaiting processing approval with account verification and standard banking review.,Pending
5/27/2022,624,Deposit,entertainment,8627.73,IT74 M919 3644 184O B7CC QHK6 JON,BG62 UMGZ 6391 86IS 6PGQ 5M,45.08,Entertainment transaction status: Pending. Record updated and logged successfully.,Entertainment deposit transaction is awaiting processing approval with account verification and standard banking review.,Pending
10/7/2021,625,Withdrawal,groceries,3375.37,FR18 8714 6148 38S6 D1PO 0UIJ O68,SM86 M576 3713 274Q JWHF K4TU WK3,47.99,Groceries transaction status: Completed. Record updated and logged successfully.,Groceries withdrawal transaction completed successfully with account verification and standard banking review.,Completed
5/27/2022,626,Deposit,utilities,3189.27,AE60 4163 7891 1331 1639 850,LV21 ZCTT WLDJ ZQ3A I1TU 4,39.2,Utilities transaction status: Pending. Record updated and logged successfully.,Utilities deposit transaction is awaiting processing approval with account verification and standard banking review.,Pending
2/7/2022,627,Transfer,groceries,5073.29,AD10 2303 7873 ABR2 YELD W49Z,MR80 2728 5454 8930 1835 5275 948,33.33,Groceries transaction status: Completed. Record updated and logged successfully.,Groceries transfer transaction completed successfully with account verification and standard banking review.,Completed
4/20/2021,628,Deposit,entertainment,4463.05,FR35 3618 9882 62NK 4NUF DWQA I44,LT72 8214 7867 2296 0699,27.42,Entertainment transaction status: Pending. Record updated and logged successfully.,Entertainment deposit transaction is awaiting processing approval with account verification and standard banking review.,Pending
5/5/2020,629,Transfer,utilities,5198.88,DK67 8841 7250 1093 96,TN79 8215 3185 9064 5117 5047,1.1,Utilities transaction status: Pending. Record updated and logged successfully.,Utilities transfer transaction is awaiting processing approval with account verification and standard banking review.,Pending
8/14/2020,630,Transfer,utilities,8976.08,RS17 3095 4534 4082 3498 47,GE97 JP26 3529 5741 9111 55,25.2,Utilities transaction status: Completed. Record updated and logged successfully.,Utilities transfer transaction completed successfully with account verification and standard banking review.,Completed
6/22/2022,631,Deposit,utilities,4128.86,FR34 0102 3605 39BE TCEB PZ3A X74,PK68 JQAF 932N 5TGW XIJM FSEE,8.61,Utilities transaction status: Failed. Record updated and logged successfully.,Utilities deposit transaction could not be completed successfully with account verification and standard banking review.,Failed
5/21/2020,632,Transfer,groceries,7247.19,CY18 2629 6113 SJRR 79CE ABDS YSJZ,GT17 UUUF UJZN KB75 U4GL TUW5 NCBO,6.29,Groceries transaction status: Completed. Record updated and logged successfully.,Groceries transfer transaction completed successfully with account verification and standard banking review.,Completed
10/9/2021,633,Transfer,utilities,60.07,AL24 1731 1685 MJXD VMSO PBQT Q9TH,IL28 3842 5013 3852 1280 342,16.87,Utilities transaction status: Failed. Record updated and logged successfully.,Utilities transfer transaction could not be completed successfully with account verification and standard banking review.,Failed
6/25/2020,634,Transfer,utilities,3503.14,IL94 5902 5198 5480 9768 909,SK58 1926 3155 3255 5932 3851,22.27,Utilities transaction status: Completed. Record updated and logged successfully.,Utilities transfer transaction completed successfully with account verification and standard banking review.,Completed
7/19/2022,635,Withdrawal,entertainment,8185.4,SK42 1797 3963 7561 6498 7409,NL59 QIGU 2553 8271 82,30.88,Entertainment transaction status: Pending. Record updated and logged successfully.,Entertainment withdrawal transaction is awaiting processing approval with account verification and standard banking review.,Pending
1/18/2021,636,Deposit,groceries,5503.55,EE39 1823 2916 9966 7604,FR25 1881 8481 34RM EIBK 6HFR Q42,25.16,Groceries transaction status: Failed. Record updated and logged successfully.,Groceries deposit transaction could not be completed successfully with account verification and standard banking review.,Failed
8/17/2021,637,Transfer,entertainment,2975.41,AT07 6151 2026 4612 4044,FR26 6710 4536 76GS JYC8 SMBA M53,23.2,Entertainment transaction status: Failed. Record updated and logged successfully.,Entertainment transfer transaction could not be completed successfully with account verification and standard banking review.,Failed
4/12/2020,638,Withdrawal,utilities,5073.56,AT72 4960 4707 5186 1990,AL43 8323 4098 3NCV 9SOS P5ET HCPV,38.12,Utilities transaction status: Failed. Record updated and logged successfully.,Utilities withdrawal transaction could not be completed successfully with account verification and standard banking review.,Failed
3/24/2021,639,Deposit,groceries,3373.86,MT29 ZYEY 7264 6VLX 8WIH Q1UL HFVB CXW,LB40 5423 NPB6 M280 GYCH MY6O 137W,41.0,Groceries transaction status: Pending. Record updated and logged successfully.,Groceries deposit transaction is awaiting processing approval with account verification and standard banking review.,Pending
2/18/2020,640,Deposit,utilities,6026.12,LT83 3895 8102 5985 9888,MC92 3414 1328 54WI ABX0 TKKL J73,46.6,Utilities transaction status: Pending. Record updated and logged successfully.,Utilities deposit transaction is awaiting processing approval with account verification and standard banking review.,Pending
8/18/2021,641,Withdrawal,groceries,2492.04,LV27 HKPY YD9E RCKJ 8SRN C,PK63 LHDY QG1A 9E7F HI88 XKTL,10.28,Groceries transaction status: Completed. Record updated and logged successfully.,Groceries withdrawal transaction completed successfully with account verification and standard banking review.,Completed
5/29/2022,642,Withdrawal,utilities,2966.02,BG80 PFBO 7655 76B6 DYCR O3,SA77 16OY ZYQA 9ISH KTIF 6OPW,33.27,Utilities transaction status: Completed. Record updated and logged successfully.,Utilities withdrawal transaction completed successfully with account verification and standard banking review.,Completed
6/22/2021,643,Transfer,entertainment,6636.74,FR31 9003 8012 80NK XAHN HT25 Z85,FI68 7462 6880 9116 04,13.66,Entertainment transaction status: Completed. Record updated and logged successfully.,Entertainment transfer transaction completed successfully with account verification and standard banking review.,Completed
2/9/2020,644,Deposit,groceries,1186.64,AE64 1967 8606 3747 5811 065,SI05 1019 0667 3475 253,7.37,Groceries transaction status: Completed. Record updated and logged successfully.,Groceries deposit transaction completed successfully with account verification and standard banking review.,Completed
7/31/2021,645,Withdrawal,groceries,136.67,BH31 UFWL YIQM INZZ XKPQ 6H,IT38 Y615 5378 229B TCRR 2ALM PL6,8.64,Groceries transaction status: Failed. Record updated and logged successfully.,Groceries withdrawal transaction could not be completed successfully with account verification and standard banking review.,Failed
11/26/2020,646,Transfer,utilities,6545.39,FI44 9946 6978 4067 55,FR14 1100 5102 25VW 8DK5 8FLO H48,48.9,Utilities transaction status: Failed. Record updated and logged successfully.,Utilities transfer transaction could not be completed successfully with account verification and standard banking review.,Failed
2/12/2020,647,Transfer,entertainment,2182.98,KW46 WIWV 4KCJ IB7K UQMY LRJT KNXO QD,MC97 8541 8009 09EX FLJI SQCA X40,26.03,Entertainment transaction status: Failed. Record updated and logged successfully.,Entertainment transfer transaction could not be completed successfully with account verification and standard banking review.,Failed
1/12/2020,648,Withdrawal,utilities,2059.18,DE85 6674 4974 1230 1444 60,ME72 1427 4292 6202 3568 76,18.55,Utilities transaction status: Completed. Record updated and logged successfully.,Utilities withdrawal transaction completed successfully with account verification and standard banking review.,Completed
8/7/2020,649,Deposit,entertainment,8103.87,FR53 5060 3997 599H CGRZ 5J8F N21,ME74 1921 9294 5303 2058 63,7.65,Entertainment transaction status: Completed. Record updated and logged successfully.,Entertainment deposit transaction completed successfully with account verification and standard banking review.,Completed
9/3/2022,650,Withdrawal,utilities,3818.96,SE24 9446 5022 9561 1865 2415,IT29 N884 0278 629X YBAD O3W9 3PJ,11.99,Utilities transaction status: Pending. Record updated and logged successfully.,Utilities withdrawal transaction is awaiting processing approval with account verification and standard banking review.,Pending
2/11/2020,651,Deposit,entertainment,6346.75,FR49 8010 3153 33WE 7QBM 5IOB O35,TN19 7276 7477 0107 3864 4345,41.89,Entertainment transaction status: Failed. Record updated and logged successfully.,Entertainment deposit transaction could not be completed successfully with account verification and standard banking review.,Failed
9/14/2022,652,Transfer,groceries,1916.46,EE80 6604 4540 8470 5144,BR04 5055 8051 1689 7705 6133 380X 8,32.96,Groceries transaction status: Pending. Record updated and logged successfully.,Groceries transfer transaction is awaiting processing approval with account verification and standard banking review.,Pending
3/23/2020,653,Transfer,entertainment,2421.6,BH37 GNTJ JXEZ CEEM CVKP JT,FR85 7694 3018 07EQ GZ5Y OQZE O70,21.01,Entertainment transaction status: Pending. Record updated and logged successfully.,Entertainment transfer transaction is awaiting processing approval with account verification and standard banking review.,Pending
4/27/2020,654,Withdrawal,groceries,5004.58,LB28 7123 J5IG CDHB TASI XNQ5 9SGM,TN21 5358 1154 8901 8506 9457,48.21,Groceries transaction status: Failed. Record updated and logged successfully.,Groceries withdrawal transaction could not be completed successfully with account verification and standard banking review.,Failed
1/10/2022,655,Withdrawal,groceries,9782.56,IS38 2599 6562 8403 8106 6814 53,IL59 3619 9848 5258 4082 659,40.79,Groceries transaction status: Failed. Record updated and logged successfully.,Groceries withdrawal transaction could not be completed successfully with account verification and standard banking review.,Failed
12/2/2021,656,Withdrawal,utilities,980.37,EE36 7243 6596 9754 8809,FI10 0618 0431 0343 48,47.38,Utilities transaction status: Completed. Record updated and logged successfully.,Utilities withdrawal transaction completed successfully with account verification and standard banking review.,Completed
8/17/2022,657,Transfer,utilities,7967.99,RO79 DWWY S5CH VVXU I7H9 JK1M,IT33 H180 6049 589R GAQ7 BVDD Q8V,9.28,Utilities transaction status: Failed. Record updated and logged successfully.,Utilities transfer transaction could not be completed successfully with account verification and standard banking review.,Failed
8/5/2020,658,Deposit,entertainment,6935.85,FR12 4577 0410 26G8 29UT AG2L N22,AD02 7768 3991 BOOZ ZN0Q 2MYQ,17.49,Entertainment transaction status: Failed. Record updated and logged successfully.,Entertainment deposit transaction could not be completed successfully with account verification and standard banking review.,Failed
4/3/2022,659,Deposit,groceries,9521.44,FR85 6557 4505 32K6 YGIN OXPE K58,AD62 8102 0912 TTGL YN5D FANP,18.12,Groceries transaction status: Completed. Record updated and logged successfully.,Groceries deposit transaction completed successfully with account verification and standard banking review.,Completed
2/9/2022,660,Transfer,entertainment,4490.74,BA88 1038 4136 3780 9251,MR33 8658 4096 4783 3253 6831 847,27.45,Entertainment transaction status: Pending. Record updated and logged successfully.,Entertainment transfer transaction is awaiting processing approval with account verification and standard banking review.,Pending
6/5/2021,661,Deposit,groceries,2409.87,TR62 1588 8R1S XWFP EFCR HWGW RM,LU49 113D HXIU PKIW VAQA,46.24,Groceries transaction status: Completed. Record updated and logged successfully.,Groceries deposit transaction completed successfully with account verification and standard banking review.,Completed
1/19/2022,662,Withdrawal,entertainment,339.68,GL57 7489 8597 2978 01,FR27 1750 4019 17AA VC0Y 1V6C G12,15.15,Entertainment transaction status: Pending. Record updated and logged successfully.,Entertainment withdrawal transaction is awaiting processing approval with account verification and standard banking review.,Pending
6/22/2021,663,Transfer,utilities,4488.55,AT19 4060 3302 3025 5434,FR18 5638 0914 00EL PCP0 XEM3 S23,14.71,Utilities transaction status: Completed. Record updated and logged successfully.,Utilities transfer transaction completed successfully with account verification and standard banking review.,Completed
11/15/2022,664,Transfer,groceries,7626.43,BE36 6114 5912 9438,SA75 50TZ ANSV 0JFA 6BJH NLUP,39.17,Groceries transaction status: Failed. Record updated and logged successfully.,Groceries transfer transaction could not be completed successfully with account verification and standard banking review.,Failed
7/15/2022,665,Withdrawal,utilities,3007.67,DK93 0476 3664 8030 39,NO33 3813 6461 246,20.31,Utilities transaction status: Failed. Record updated and logged successfully.,Utilities withdrawal transaction could not be completed successfully with account verification and standard banking review.,Failed
6/15/2021,666,Transfer,entertainment,9889.74,MD17 VR13 DWPR BPAW ZOZ4 TWAG,AZ32 JKIA FWAX HSU0 KP3U Z2YK CB45,9.93,Entertainment transaction status: Failed. Record updated and logged successfully.,Entertainment transfer transaction could not be completed successfully with account verification and standard banking review.,Failed
1/3/2022,667,Withdrawal,entertainment,6543.98,DK64 1637 2042 2291 27,MR49 4995 5244 6618 4595 1158 062,42.79,Entertainment transaction status: Completed. Record updated and logged successfully.,Entertainment withdrawal transaction completed successfully with account verification and standard banking review.,Completed
4/22/2021,668,Transfer,entertainment,9107.42,IL19 5984 4291 4104 0617 321,LV42 YQME AASF JUGP LTOQ D,35.81,Entertainment transaction status: Failed. Record updated and logged successfully.,Entertainment transfer transaction could not be completed successfully with account verification and standard banking review.,Failed
9/3/2022,669,Withdrawal,groceries,3813.56,PK64 GLXU HF8Y VPME 1WQ8 SO1D,AE52 5515 4375 0688 0031 134,27.19,Groceries transaction status: Failed. Record updated and logged successfully.,Groceries withdrawal transaction could not be completed successfully with account verification and standard banking review.,Failed
12/9/2021,670,Withdrawal,entertainment,3896.12,GB50 DOFE 2081 3915 9754 37,LI95 0945 2MDP 3XUQ UKKY 1,31.88,Entertainment transaction status: Pending. Record updated and logged successfully.,Entertainment withdrawal transaction is awaiting processing approval with account verification and standard banking review.,Pending
11/30/2020,671,Withdrawal,utilities,4577.8,MU62 LGNN 7294 8227 9801 5196 529J EJ,GI37 QIJV WUZ0 8P6I YNP5 JSK,29.05,Utilities transaction status: Pending. Record updated and logged successfully.,Utilities withdrawal transaction is awaiting processing approval with account verification and standard banking review.,Pending
7/19/2022,672,Withdrawal,entertainment,671.33,FR26 9136 2967 741M DOAJ KDQH J54,FR87 7253 7588 55PE SVHM HYRA S27,37.71,Entertainment transaction status: Completed. Record updated and logged successfully.,Entertainment withdrawal transaction completed successfully with account verification and standard banking review.,Completed
7/21/2022,673,Transfer,groceries,9005.67,PT23 0536 0064 1012 5841 0290 4,MU26 RBAT 1114 7047 9457 8310 366A XO,12.34,Groceries transaction status: Pending. Record updated and logged successfully.,Groceries transfer transaction is awaiting processing approval with account verification and standard banking review.,Pending
9/5/2022,674,Deposit,entertainment,4124.06,TR68 5528 5K73 1TVJ CP9P ZOAH FM,FR29 1855 7270 03RS XKYP UT57 S82,26.91,Entertainment transaction status: Pending. Record updated and logged successfully.,Entertainment deposit transaction is awaiting processing approval with account verification and standard banking review.,Pending
6/18/2022,675,Transfer,groceries,7796.84,HR09 6148 0886 0674 6493 7,GR39 8564 738H 7SCQ KYSI 6E73 XER,22.8,Groceries transaction status: Failed. Record updated and logged successfully.,Groceries transfer transaction could not be completed successfully with account verification and standard banking review.,Failed
7/6/2022,676,Deposit,entertainment,7548.57,IL43 4224 5943 3835 7355 683,GB18 EANX 7224 4985 2260 82,35.91,Entertainment transaction status: Pending. Record updated and logged successfully.,Entertainment deposit transaction is awaiting processing approval with account verification and standard banking review.,Pending
2/16/2021,677,Transfer,utilities,496.45,FR73 4913 2252 06JJ GA6V JXVN M60,MR03 0434 1421 4156 9658 3907 863,48.33,Utilities transaction status: Completed. Record updated and logged successfully.,Utilities transfer transaction completed successfully with account verification and standard banking review.,Completed
3/5/2021,678,Withdrawal,utilities,6612.05,ES22 5588 4123 4150 0191 8049,SE04 0443 1266 3973 0868 3488,27.01,Utilities transaction status: Pending. Record updated and logged successfully.,Utilities withdrawal transaction is awaiting processing approval with account verification and standard banking review.,Pending
11/24/2021,679,Withdrawal,groceries,2972.4,PT18 3043 3792 1166 5179 7017 9,MU98 PWQX 6831 3471 4621 4818 980K PV,37.58,Groceries transaction status: Failed. Record updated and logged successfully.,Groceries withdrawal transaction could not be completed successfully with account verification and standard banking review.,Failed
11/11/2021,680,Transfer,groceries,4264.22,FR75 9906 3596 08VK V30O YGGD J16,FR06 5005 0813 61FF 93H3 IZTA W06,24.71,Groceries transaction status: Completed. Record updated and logged successfully.,Groceries transfer transaction completed successfully with account verification and standard banking review.,Completed
9/15/2021,681,Withdrawal,groceries,5719.82,DE63 5800 6254 7728 6012 63,GI60 BHKT AGCI HZ6A NWRT ZHB,2.09,Groceries transaction status: Failed. Record updated and logged successfully.,Groceries withdrawal transaction could not be completed successfully with account verification and standard banking review.,Failed
11/25/2021,682,Withdrawal,utilities,57.36,FR05 5720 4288 25TX JQKT CRAQ L38,NO18 9342 7721 934,22.81,Utilities transaction status: Pending. Record updated and logged successfully.,Utilities withdrawal transaction is awaiting processing approval with account verification and standard banking review.,Pending
5/22/2021,683,Deposit,groceries,4866.16,FI18 5844 6297 8578 56,BE63 6745 1861 1866,20.03,Groceries transaction status: Failed. Record updated and logged successfully.,Groceries deposit transaction could not be completed successfully with account verification and standard banking review.,Failed
3/22/2021,684,Withdrawal,groceries,4436.71,FR75 3144 3033 67QY M7HQ TKG1 A33,AZ31 NBQE RKTB MNGF 4EO0 6NF9 EKKL,37.44,Groceries transaction status: Pending. Record updated and logged successfully.,Groceries withdrawal transaction is awaiting processing approval with account verification and standard banking review.,Pending
9/16/2021,685,Withdrawal,entertainment,5507.51,LU84 1265 BY40 GLYI KO27,MD64 MQCM 87CJ LANL BV5L SB27,3.9,Entertainment transaction status: Completed. Record updated and logged successfully.,Entertainment withdrawal transaction completed successfully with account verification and standard banking review.,Completed
5/13/2021,686,Withdrawal,utilities,8734.78,FR04 4503 4744 674F BCVZ YURA 385,IS94 1356 7998 7265 5604 6996 67,33.37,Utilities transaction status: Completed. Record updated and logged successfully.,Utilities withdrawal transaction completed successfully with account verification and standard banking review.,Completed
9/2/2022,687,Deposit,entertainment,8588.08,FR94 1360 5183 74J7 5HIQ KYAT K38,ES52 1946 5629 3022 5837 4858,32.25,Entertainment transaction status: Pending. Record updated and logged successfully.,Entertainment deposit transaction is awaiting processing approval with account verification and standard banking review.,Pending
12/20/2020,688,Transfer,entertainment,1112.38,NL33 YPLC 1064 6411 23,FR11 7690 7753 71BZ WH2G 4QOQ 017,33.92,Entertainment transaction status: Failed. Record updated and logged successfully.,Entertainment transfer transaction could not be completed successfully with account verification and standard banking review.,Failed
2/6/2020,689,Transfer,groceries,5246.53,SA27 94ZK FIQF CRLU ST41 V9IT,FR17 2179 0737 629J U4QR WYM0 K50,47.14,Groceries transaction status: Pending. Record updated and logged successfully.,Groceries transfer transaction is awaiting processing approval with account verification and standard banking review.,Pending
5/8/2020,690,Withdrawal,groceries,61.41,LU06 684C S2TU LNNV T4CK,AE77 7849 8009 1250 0536 497,45.3,Groceries transaction status: Failed. Record updated and logged successfully.,Groceries withdrawal transaction could not be completed successfully with account verification and standard banking review.,Failed
8/22/2021,691,Deposit,groceries,5957.6,RS03 8107 5071 2636 0588 77,GR87 8482 338H XK6G XRDJ RIJL RNL,3.86,Groceries transaction status: Pending. Record updated and logged successfully.,Groceries deposit transaction is awaiting processing approval with account verification and standard banking review.,Pending
2/4/2022,692,Transfer,entertainment,3103.17,MC06 1322 4916 97SH MEX6 CG9E O14,BA38 4046 8375 6419 8875,46.38,Entertainment transaction status: Failed. Record updated and logged successfully.,Entertainment transfer transaction could not be completed successfully with account verification and standard banking review.,Failed
1/8/2020,693,Transfer,utilities,2898.43,CZ33 6903 1161 5186 8534 8775,FR19 9291 3964 540X ZAU7 W5R9 N94,26.8,Utilities transaction status: Completed. Record updated and logged successfully.,Utilities transfer transaction completed successfully with account verification and standard banking review.,Completed
10/24/2022,694,Withdrawal,entertainment,5388.83,AE51 5586 0132 1122 4878 216,CR89 2118 6621 4445 2862 3,17.73,Entertainment transaction status: Failed. Record updated and logged successfully.,Entertainment withdrawal transaction could not be completed successfully with account verification and standard banking review.,Failed
4/26/2022,695,Deposit,utilities,453.21,RS70 0451 6904 0227 5151 98,DK18 0026 8591 6088 26,3.25,Utilities transaction status: Pending. Record updated and logged successfully.,Utilities deposit transaction is awaiting processing approval with account verification and standard banking review.,Pending
7/4/2022,696,Withdrawal,entertainment,3095.22,FR60 6118 1729 47RD VSZE JXP2 B18,EE14 3056 4474 3556 8555,34.03,Entertainment transaction status: Pending. Record updated and logged successfully.,Entertainment withdrawal transaction is awaiting processing approval with account verification and standard banking review.,Pending
9/5/2020,697,Withdrawal,groceries,4834.72,FO16 0069 1836 2916 69,GI95 EMLD IWN4 EQH5 BFW7 NOA,10.33,Groceries transaction status: Completed. Record updated and logged successfully.,Groceries withdrawal transaction completed successfully with account verification and standard banking review.,Completed
3/13/2022,698,Transfer,groceries,1269.72,TN14 0976 0834 8586 4862 1334,FR04 0725 5329 73FD BGSI II7H X45,46.96,Groceries transaction status: Pending. Record updated and logged successfully.,Groceries transfer transaction is awaiting processing approval with account verification and standard banking review.,Pending
6/20/2021,699,Deposit,utilities,8268.29,GB86 EHFV 4072 9813 4188 73,RS75 4184 7991 8690 2098 04,31.47,Utilities transaction status: Failed. Record updated and logged successfully.,Utilities deposit transaction could not be completed successfully with account verification and standard banking review.,Failed
12/8/2022,700,Transfer,groceries,517.78,VG59 GGZE 3987 9388 4043 3743,PT72 1343 1108 3739 8705 1543 1,34.66,Groceries transaction status: Pending. Record updated and logged successfully.,Groceries transfer transaction is awaiting processing approval with account verification and standard banking review.,Pending
2/17/2022,701,Withdrawal,utilities,2148.98,SM13 X221 4172 617F AQEX U3XN WHB,PK27 XJDG TX12 WVZT 1T97 SV4J,22.7,Utilities transaction status: Pending. Record updated and logged successfully.,Utilities withdrawal transaction is awaiting processing approval with account verification and standard banking review.,Pending
1/7/2020,702,Withdrawal,utilities,1904.15,MR58 3277 6539 4743 9916 0557 755,FR10 3389 3722 93SW JDUO WEZ4 E57,2.82,Utilities transaction status: Failed. Record updated and logged successfully.,Utilities withdrawal transaction could not be completed successfully with account verification and standard banking review.,Failed
11/14/2021,703,Withdrawal,utilities,8172.82,MC65 8129 4164 75FO OYKN 8CP9 M90,RS92 9027 7567 4226 2652 31,1.52,Utilities transaction status: Pending. Record updated and logged successfully.,Utilities withdrawal transaction is awaiting processing approval with account verification and standard banking review.,Pending
1/30/2022,704,Withdrawal,entertainment,1182.48,RO77 AGZD EHHT G1XT NNSY IRS5,PL41 3433 1926 7243 7459 4654 7325,49.95,Entertainment transaction status: Failed. Record updated and logged successfully.,Entertainment withdrawal transaction could not be completed successfully with account verification and standard banking review.,Failed
5/3/2022,705,Withdrawal,entertainment,1450.01,AT17 5855 4622 7190 8189,BH64 CVZQ XLZ2 GHJD ZD5U PB,19.03,Entertainment transaction status: Pending. Record updated and logged successfully.,Entertainment withdrawal transaction is awaiting processing approval with account verification and standard banking review.,Pending
8/11/2022,706,Withdrawal,entertainment,1346.2,FR66 6651 1039 26LU L7V3 PUOD R32,AZ10 UPMP XQAH GEV5 JXWE FXAQ GGCI,33.33,Entertainment transaction status: Completed. Record updated and logged successfully.,Entertainment withdrawal transaction completed successfully with account verification and standard banking review.,Completed
7/12/2022,707,Withdrawal,entertainment,2720.88,NL62 RYOR 5318 8094 13,HR18 3216 3292 0566 9302 8,18.95,Entertainment transaction status: Pending. Record updated and logged successfully.,Entertainment withdrawal transaction is awaiting processing approval with account verification and standard banking review.,Pending
5/13/2020,708,Transfer,groceries,4055.64,NL21 YQJP 0734 7911 82,MD02 DJ43 HUFM ULAK 5PJ7 NX97,16.84,Groceries transaction status: Failed. Record updated and logged successfully.,Groceries transfer transaction could not be completed successfully with account verification and standard banking review.,Failed
5/16/2020,709,Withdrawal,entertainment,8923.5,FR70 5947 2247 44K5 TNMM SRG9 L82,FR57 9922 6918 22IK 5ZV2 BV4S O57,44.97,Entertainment transaction status: Failed. Record updated and logged successfully.,Entertainment withdrawal transaction could not be completed successfully with account verification and standard banking review.,Failed
5/12/2020,710,Withdrawal,utilities,2071.82,PT95 3771 8818 3757 5578 5736 6,MK53 832S MFAM WZ53 776,5.47,Utilities transaction status: Failed. Record updated and logged successfully.,Utilities withdrawal transaction could not be completed successfully with account verification and standard banking review.,Failed
1/30/2020,711,Deposit,utilities,3897.18,FI39 6293 6110 1492 07,MC87 3191 6714 4238 LWNO SUR7 I26,11.73,Utilities transaction status: Failed. Record updated and logged successfully.,Utilities deposit transaction could not be completed successfully with account verification and standard banking review.,Failed
4/29/2020,712,Deposit,utilities,1898.37,DK33 6750 5510 9033 33,GB62 LZOO 1834 9034 1692 06,26.45,Utilities transaction status: Completed. Record updated and logged successfully.,Utilities deposit transaction completed successfully with account verification and standard banking review.,Completed
8/8/2020,713,Withdrawal,entertainment,5133.81,MT77 RDUT 5025 7FKH SWYG KPRK A7P7 FAX,NO66 8567 5475 929,13.47,Entertainment transaction status: Failed. Record updated and logged successfully.,Entertainment withdrawal transaction could not be completed successfully with account verification and standard banking review.,Failed
1/26/2022,714,Deposit,entertainment,5976.26,MR67 6263 8823 4403 2902 3926 415,SI93 4188 7610 8844 052,28.59,Entertainment transaction status: Completed. Record updated and logged successfully.,Entertainment deposit transaction completed successfully with account verification and standard banking review.,Completed
3/26/2020,715,Transfer,entertainment,9965.84,CR10 5091 2746 2022 0964 1,MU94 UFMG 3668 7702 8376 9003 274F RV,5.15,Entertainment transaction status: Failed. Record updated and logged successfully.,Entertainment transfer transaction could not be completed successfully with account verification and standard banking review.,Failed
7/13/2021,716,Transfer,entertainment,938.76,VG57 LTTP 3793 8644 5472 1169,MK88 953Q TY19 3N2S T84,27.69,Entertainment transaction status: Completed. Record updated and logged successfully.,Entertainment transfer transaction completed successfully with account verification and standard banking review.,Completed
3/2/2021,717,Withdrawal,utilities,7999.38,SA48 348C H8QE QXVW HLJZ YMGH,AD89 4015 1033 KNVT N13G 7RGI,37.72,Utilities transaction status: Pending. Record updated and logged successfully.,Utilities withdrawal transaction is awaiting processing approval with account verification and standard banking review.,Pending
9/21/2020,718,Deposit,groceries,6531.88,FR04 6755 4354 71IK W72F YZOD U47,AL58 2238 5736 0SCG XKWX GFVJ PYY1,14.56,Groceries transaction status: Completed. Record updated and logged successfully.,Groceries deposit transaction completed successfully with account verification and standard banking review.,Completed
12/14/2021,719,Transfer,utilities,7186.9,CH26 7638 3NJ6 HYSL FE7V C,RO28 RKWD WAKM RJQN NK7B 6NDS,36.54,Utilities transaction status: Failed. Record updated and logged successfully.,Utilities transfer transaction could not be completed successfully with account verification and standard banking review.,Failed
12/21/2022,720,Transfer,utilities,5302.46,AD05 8343 8763 IWZO QZF6 C1AP,IL11 9090 1992 1413 3892 475,46.4,Utilities transaction status: Failed. Record updated and logged successfully.,Utilities transfer transaction could not be completed successfully with account verification and standard banking review.,Failed
9/16/2021,721,Deposit,entertainment,1437.56,GT09 LISG HRM5 91SJ RGOI NVTA VH3A,FR12 4538 2229 77DG FV7R FVCS C79,11.94,Entertainment transaction status: Failed. Record updated and logged successfully.,Entertainment deposit transaction could not be completed successfully with account verification and standard banking review.,Failed
8/22/2020,722,Deposit,utilities,833.63,SI61 2181 6867 9077 583,MK27 145I ODWR BLUE B55,47.28,Utilities transaction status: Pending. Record updated and logged successfully.,Utilities deposit transaction is awaiting processing approval with account verification and standard banking review.,Pending
7/26/2022,723,Withdrawal,utilities,2007.21,ES11 1292 8550 8796 1158 5392,HR26 8633 0583 6798 2416 9,36.97,Utilities transaction status: Completed. Record updated and logged successfully.,Utilities withdrawal transaction completed successfully with account verification and standard banking review.,Completed
12/30/2021,724,Deposit,groceries,3403.54,TR88 6908 2RQZ X8US FYWI ZE1T FS,SE17 1018 8738 0063 5398 0700,24.06,Groceries transaction status: Pending. Record updated and logged successfully.,Groceries deposit transaction is awaiting processing approval with account verification and standard banking review.,Pending
4/10/2021,725,Withdrawal,groceries,7697.37,IT28 D758 9858 9985 KF2M 3E7Q ZPZ,FR63 9978 6170 612I G7W3 TEVE W56,5.93,Groceries transaction status: Failed. Record updated and logged successfully.,Groceries withdrawal transaction could not be completed successfully with account verification and standard banking review.,Failed
6/27/2021,726,Transfer,groceries,2077.09,FO40 7889 1674 8916 46,FR20 0154 4618 031F TSAQ WAZH U29,34.24,Groceries transaction status: Failed. Record updated and logged successfully.,Groceries transfer transaction could not be completed successfully with account verification and standard banking review.,Failed
12/11/2022,727,Withdrawal,entertainment,1948.59,LV54 OYLT UAGJ BENE 9Y2H E,GR54 6378 594R UVVB N4PM KNIX H2U,46.5,Entertainment transaction status: Completed. Record updated and logged successfully.,Entertainment withdrawal transaction completed successfully with account verification and standard banking review.,Completed
3/14/2021,728,Deposit,utilities,2241.22,FR93 8107 2080 36EK CGDZ FJR2 M79,FR70 1057 5397 22TK YMJP SYGD W79,3.62,Utilities transaction status: Completed. Record updated and logged successfully.,Utilities deposit transaction completed successfully with account verification and standard banking review.,Completed
6/1/2022,729,Withdrawal,groceries,739.54,ME77 9924 4732 0101 8570 40,FR56 7795 8766 61KI LSG9 HXSN Y44,26.12,Groceries transaction status: Pending. Record updated and logged successfully.,Groceries withdrawal transaction is awaiting processing approval with account verification and standard banking review.,Pending
10/28/2022,730,Deposit,entertainment,2577.63,TR15 1534 3GNQ VL20 YGBF 8YRH GY,BA47 1403 2627 7965 7045,46.49,Entertainment transaction status: Pending. Record updated and logged successfully.,Entertainment deposit transaction is awaiting processing approval with account verification and standard banking review.,Pending
12/19/2020,731,Deposit,groceries,593.87,MT05 YZBX 3552 9ZPV VEMC XFKG KJGW JHP,HR11 4546 5324 4560 4352 0,34.07,Groceries transaction status: Pending. Record updated and logged successfully.,Groceries deposit transaction is awaiting processing approval with account verification and standard banking review.,Pending
12/22/2020,732,Withdrawal,entertainment,6595.14,HU79 3899 4619 4151 9706 5988 8196,MU10 PRYW 1168 4733 9120 2701 439N SY,49.45,Entertainment transaction status: Completed. Record updated and logged successfully.,Entertainment withdrawal transaction completed successfully with account verification and standard banking review.,Completed
12/30/2022,733,Deposit,utilities,5170.42,AD36 8839 3945 8JGW EYZT CSYD,FR07 2489 4534 99GH WWGH ZMSP G26,48.88,Utilities transaction status: Pending. Record updated and logged successfully.,Utilities deposit transaction is awaiting processing approval with account verification and standard banking review.,Pending
11/11/2021,734,Deposit,utilities,7658.81,DE62 6296 8036 9870 2456 38,SM15 V493 4687 143Y B9P0 DJWN 0AI,23.89,Utilities transaction status: Completed. Record updated and logged successfully.,Utilities deposit transaction completed successfully with account verification and standard banking review.,Completed
8/17/2022,735,Withdrawal,utilities,4153.69,IS81 2698 9387 7436 3634 2072 10,ES60 7501 7255 6178 7639 5356,33.42,Utilities transaction status: Completed. Record updated and logged successfully.,Utilities withdrawal transaction completed successfully with account verification and standard banking review.,Completed
10/23/2022,736,Transfer,entertainment,599.27,FR77 6480 1689 41XW ISOB LGM7 L14,HR57 6840 2663 0768 3011 4,19.59,Entertainment transaction status: Pending. Record updated and logged successfully.,Entertainment transfer transaction is awaiting processing approval with account verification and standard banking review.,Pending
10/16/2021,737,Transfer,groceries,6889.66,GR05 3171 063Y GELC CTHN H5SV VOU,BR76 7720 7944 4929 5977 5903 993F F,9.59,Groceries transaction status: Failed. Record updated and logged successfully.,Groceries transfer transaction could not be completed successfully with account verification and standard banking review.,Failed
5/1/2022,738,Transfer,entertainment,1162.64,AL37 5216 1540 RUJ5 MHRK EMG8 I2DN,BG51 RPJZ 7157 92CR TOWM UR,17.57,Entertainment transaction status: Completed. Record updated and logged successfully.,Entertainment transfer transaction completed successfully with account verification and standard banking review.,Completed
3/13/2022,739,Transfer,entertainment,5072.4,FI48 6623 5465 5021 09,DE85 0662 9742 4957 3080 91,29.75,Entertainment transaction status: Failed. Record updated and logged successfully.,Entertainment transfer transaction could not be completed successfully with account verification and standard banking review.,Failed
11/23/2020,740,Withdrawal,utilities,7980.32,AL72 1984 9741 3KO8 NNPZ NXZB HZPV,FI27 6343 6739 0003 98,20.98,Utilities transaction status: Completed. Record updated and logged successfully.,Utilities withdrawal transaction completed successfully with account verification and standard banking review.,Completed
8/4/2020,741,Deposit,groceries,5369.03,MR75 8418 9773 3712 9044 4926 819,HU44 9757 6303 5259 5513 5462 2043,12.38,Groceries transaction status: Failed. Record updated and logged successfully.,Groceries deposit transaction could not be completed successfully with account verification and standard banking review.,Failed
7/9/2021,742,Transfer,utilities,4059.77,MR54 3327 4202 9535 2585 1941 559,BR27 9646 2196 2880 8290 8824 116Z I,24.49,Utilities transaction status: Completed. Record updated and logged successfully.,Utilities transfer transaction completed successfully with account verification and standard banking review.,Completed
1/4/2020,743,Withdrawal,groceries,8710.07,GB25 QWAR 8795 6530 8643 83,BA17 8087 8671 6863 9121,25.38,Groceries transaction status: Pending. Record updated and logged successfully.,Groceries withdrawal transaction is awaiting processing approval with account verification and standard banking review.,Pending
12/27/2020,744,Deposit,groceries,648.97,IL17 0757 4679 9808 8282 664,RO17 EJDG DKXH ZYJD I1EB DPJY,14.47,Groceries transaction status: Pending. Record updated and logged successfully.,Groceries deposit transaction is awaiting processing approval with account verification and standard banking review.,Pending
8/11/2020,745,Withdrawal,utilities,6024.69,PT29 6019 6902 2874 1131 9019 7,KW49 DYLB DFCS R4RX KUD9 XDUR N6AE A6,8.19,Utilities transaction status: Completed. Record updated and logged successfully.,Utilities withdrawal transaction completed successfully with account verification and standard banking review.,Completed
1/8/2022,746,Withdrawal,groceries,6044.51,GT33 U7L1 KNCZ ATKQ HWFM MIXR HLON,CR77 2980 3831 4164 9599 8,17.5,Groceries transaction status: Pending. Record updated and logged successfully.,Groceries withdrawal transaction is awaiting processing approval with account verification and standard banking review.,Pending
10/6/2022,747,Transfer,utilities,6645.66,FR94 4492 1912 13FC YDFR CK5A 424,MC74 9645 1594 34YT HO0I NS3O J75,14.59,Utilities transaction status: Pending. Record updated and logged successfully.,Utilities transfer transaction is awaiting processing approval with account verification and standard banking review.,Pending
10/29/2022,748,Transfer,entertainment,2513.72,CZ27 4155 9529 0147 0400 3604,FI81 8845 4034 6046 13,7.94,Entertainment transaction status: Pending. Record updated and logged successfully.,Entertainment transfer transaction is awaiting processing approval with account verification and standard banking review.,Pending
7/8/2020,749,Withdrawal,entertainment,6779.37,KZ21 680H XWB2 GNTK X44T,SE45 7910 4540 8837 8235 5798,3.03,Entertainment transaction status: Completed. Record updated and logged successfully.,Entertainment withdrawal transaction completed successfully with account verification and standard banking review.,Completed
9/11/2021,750,Deposit,utilities,573.01,PK69 UCFJ QRWS 2GCW VDAO XCWE,BH76 NESW 8BHB NCS5 B0ZQ K3,0.16,Utilities transaction status: Failed. Record updated and logged successfully.,Utilities deposit transaction could not be completed successfully with account verification and standard banking review.,Failed
10/3/2021,751,Deposit,entertainment,5497.29,HU91 1891 5632 6678 0944 0355 8706,DK06 4297 2011 2677 99,30.49,Entertainment transaction status: Failed. Record updated and logged successfully.,Entertainment deposit transaction could not be completed successfully with account verification and standard banking review.,Failed
3/2/2020,752,Transfer,groceries,9133.32,FR55 0319 4740 90L2 LIDU GL7V Q90,AL09 2566 1016 5G33 T5YW XTN1 811Z,23.24,Groceries transaction status: Pending. Record updated and logged successfully.,Groceries transfer transaction is awaiting processing approval with account verification and standard banking review.,Pending
12/10/2021,753,Transfer,utilities,8974.58,DE59 9941 3433 0920 4141 68,CZ28 1088 9063 3424 6932 0873,14.63,Utilities transaction status: Failed. Record updated and logged successfully.,Utilities transfer transaction could not be completed successfully with account verification and standard banking review.,Failed
4/7/2020,754,Withdrawal,utilities,398.95,SI31 0311 6153 8325 870,GB39 QPCN 4634 5717 4732 77,46.88,Utilities transaction status: Completed. Record updated and logged successfully.,Utilities withdrawal transaction completed successfully with account verification and standard banking review.,Completed
11/30/2020,755,Deposit,entertainment,4637.74,TN90 5456 6664 4614 4168 0796,DO91 HH9W 8768 8675 0647 3076 1644,17.75,Entertainment transaction status: Failed. Record updated and logged successfully.,Entertainment deposit transaction could not be completed successfully with account verification and standard banking review.,Failed
7/16/2020,756,Withdrawal,entertainment,7878.91,IL26 7031 9816 4773 2884 116,IL88 8839 8510 5142 3390 353,32.09,Entertainment transaction status: Completed. Record updated and logged successfully.,Entertainment withdrawal transaction completed successfully with account verification and standard banking review.,Completed
12/2/2021,757,Transfer,entertainment,9679.04,IT68 U146 8738 340B CTDV JITG WBX,PK53 RLHV 1NKL CRHB Y0RJ LVMY,32.04,Entertainment transaction status: Completed. Record updated and logged successfully.,Entertainment transfer transaction completed successfully with account verification and standard banking review.,Completed
5/26/2021,758,Transfer,groceries,8107.26,FO10 2298 6583 1518 72,EE53 8949 1138 1855 8816,44.9,Groceries transaction status: Pending. Record updated and logged successfully.,Groceries transfer transaction is awaiting processing approval with account verification and standard banking review.,Pending
10/17/2020,759,Deposit,entertainment,8490.98,GR76 2019 245B AR0W TSGS IJMF HNJ,FR41 0378 2438 02X3 IVMI 0XQQ U25,1.27,Entertainment transaction status: Completed. Record updated and logged successfully.,Entertainment deposit transaction completed successfully with account verification and standard banking review.,Completed
4/3/2021,760,Transfer,entertainment,3374.95,GR67 0818 472H NJSW ASGH VVNG 3MM,FR73 0118 2699 4467 43YD ASK6 X69,20.8,Entertainment transaction status: Completed. Record updated and logged successfully.,Entertainment transfer transaction completed successfully with account verification and standard banking review.,Completed
6/11/2021,761,Deposit,entertainment,3731.43,AE36 6888 9580 6218 8216 472,IT31 R635 0527 6308 67DB YSWU ZXR,8.1,Entertainment transaction status: Completed. Record updated and logged successfully.,Entertainment deposit transaction completed successfully with account verification and standard banking review.,Completed
11/21/2021,762,Withdrawal,utilities,8241.81,BH34 PJRP EXNC TDZM 15SC NK,FI79 8747 4301 0632 13,26.67,Utilities transaction status: Failed. Record updated and logged successfully.,Utilities withdrawal transaction could not be completed successfully with account verification and standard banking review.,Failed
8/23/2020,763,Deposit,groceries,7075.4,CZ23 8688 1622 4194 1393 9283,FR24 1341 5712 30AT GVF5 BSMJ V68,41.22,Groceries transaction status: Completed. Record updated and logged successfully.,Groceries deposit transaction completed successfully with account verification and standard banking review.,Completed
11/9/2022,764,Withdrawal,utilities,6809.51,RS32 9783 8872 9834 7897 92,FO24 7872 7532 6977 41,36.45,Utilities transaction status: Pending. Record updated and logged successfully.,Utilities withdrawal transaction is awaiting processing approval with account verification and standard banking review.,Pending
7/4/2020,765,Transfer,utilities,8267.31,FR32 3177 8852 723B UOSL G5HY M13,PS63 MLKZ HYNY ZHWM XY4R BTK9 UWKN X,6.81,Utilities transaction status: Pending. Record updated and logged successfully.,Utilities transfer transaction is awaiting processing approval with account verification and standard banking review.,Pending
12/22/2020,766,Deposit,groceries,7397.95,GT09 SRWT KB1X DYCE BZWI FA0G IQF2,FO93 6116 8751 4296 27,1.66,Groceries transaction status: Pending. Record updated and logged successfully.,Groceries deposit transaction is awaiting processing approval with account verification and standard banking review.,Pending
11/4/2020,767,Transfer,entertainment,8755.23,AZ21 IFBU ZMGI MBZB THE6 TQ6Z NGTO,AT97 3343 2779 9760 7660,17.52,Entertainment transaction status: Completed. Record updated and logged successfully.,Entertainment transfer transaction completed successfully with account verification and standard banking review.,Completed
7/31/2021,768,Withdrawal,groceries,4779.05,GT32 KIOV NVC5 G0EV SRWN M2QW WJCG,KZ93 254L PHW1 QO9C EHDK,3.57,Groceries transaction status: Pending. Record updated and logged successfully.,Groceries withdrawal transaction is awaiting processing approval with account verification and standard banking review.,Pending
1/17/2021,769,Transfer,entertainment,7654.23,PL60 5476 6408 0915 9386 9684 9477,GB84 MSZE 3568 4224 3916 22,34.33,Entertainment transaction status: Completed. Record updated and logged successfully.,Entertainment transfer transaction completed successfully with account verification and standard banking review.,Completed
1/11/2021,770,Withdrawal,utilities,1742.67,HU66 3054 2683 7852 4364 3763 0954,DO48 SJBO 0227 5240 6065 3537 2307,31.59,Utilities transaction status: Pending. Record updated and logged successfully.,Utilities withdrawal transaction is awaiting processing approval with account verification and standard banking review.,Pending
4/19/2021,771,Transfer,groceries,5124.65,BG39 WACE 9860 04CM HI7S BV,CH91 9928 3ZOS JAQL RKGB P,18.42,Groceries transaction status: Pending. Record updated and logged successfully.,Groceries transfer transaction is awaiting processing approval with account verification and standard banking review.,Pending
2/4/2020,772,Transfer,groceries,5460.97,MR98 9161 2361 6735 1954 1447 652,KW07 FTXT 9HD3 XXBT QSPN CAG0 2C2P QG,24.91,Groceries transaction status: Completed. Record updated and logged successfully.,Groceries transfer transaction completed successfully with account verification and standard banking review.,Completed
6/26/2022,773,Deposit,groceries,3912.75,SM66 V621 5075 357M 0OBO AMAT JDK,FR71 2216 9353 80VA 7WBI YO8D 441,6.61,Groceries transaction status: Pending. Record updated and logged successfully.,Groceries deposit transaction is awaiting processing approval with account verification and standard banking review.,Pending
8/10/2020,774,Withdrawal,groceries,4175.32,BR44 3963 5084 9148 5538 9127 878K H,IL96 9519 2132 8944 7902 980,47.51,Groceries transaction status: Failed. Record updated and logged successfully.,Groceries withdrawal transaction could not be completed successfully with account verification and standard banking review.,Failed
4/27/2022,775,Transfer,entertainment,4689.74,LV24 DHWY VM3B 0AAM SA6L O,GE67 EW80 4442 8476 6005 30,11.39,Entertainment transaction status: Pending. Record updated and logged successfully.,Entertainment transfer transaction is awaiting processing approval with account verification and standard banking review.,Pending
5/9/2020,776,Transfer,groceries,1504.82,EE70 2381 9778 6499 3353,PL66 8477 8881 4939 8324 2223 3810,43.49,Groceries transaction status: Pending. Record updated and logged successfully.,Groceries transfer transaction is awaiting processing approval with account verification and standard banking review.,Pending
5/30/2022,777,Withdrawal,utilities,6586.13,FR68 5727 5739 94KX C8KD L8NA U27,AL57 2458 3176 FWBX XDF5 UEIQ QG9I,35.71,Utilities transaction status: Completed. Record updated and logged successfully.,Utilities withdrawal transaction completed successfully with account verification and standard banking review.,Completed
10/15/2022,778,Transfer,utilities,2654.23,FR03 4959 4608 38AX EAH7 2DRE C94,FR60 6695 1177 45A4 3DQV 5U7G K95,40.15,Utilities transaction status: Failed. Record updated and logged successfully.,Utilities transfer transaction could not be completed successfully with account verification and standard banking review.,Failed
1/3/2021,779,Transfer,groceries,8469.03,GL32 2859 5046 5505 76,SI97 3532 1584 5388 861,15.65,Groceries transaction status: Pending. Record updated and logged successfully.,Groceries transfer transaction is awaiting processing approval with account verification and standard banking review.,Pending
6/7/2020,780,Withdrawal,entertainment,8577.7,NO62 0048 0102 655,SM15 L194 6982 085H HNPO CBW4 BQH,1.05,Entertainment transaction status: Pending. Record updated and logged successfully.,Entertainment withdrawal transaction is awaiting processing approval with account verification and standard banking review.,Pending
7/11/2022,781,Deposit,entertainment,7160.44,CH08 1819 6O8U ZMWG B4UE 2,BE55 7377 4136 0668,27.23,Entertainment transaction status: Pending. Record updated and logged successfully.,Entertainment deposit transaction is awaiting processing approval with account verification and standard banking review.,Pending
10/11/2021,782,Transfer,groceries,9828.24,GI53 QJSL 8OT4 CB9M N7WE NQI,TN65 4693 8728 0720 8848 5149,26.26,Groceries transaction status: Failed. Record updated and logged successfully.,Groceries transfer transaction could not be completed successfully with account verification and standard banking review.,Failed
9/5/2020,783,Transfer,utilities,4224.73,RO46 SJDQ XDW6 IWCA 2DQC OUVD,TN15 4542 8815 3897 0077 3480,16.17,Utilities transaction status: Failed. Record updated and logged successfully.,Utilities transfer transaction could not be completed successfully with account verification and standard banking review.,Failed
1/29/2021,784,Withdrawal,entertainment,1267.24,AD16 7679 6676 RCZ7 8FFH 1MTK,DO47 4XWP 1805 9065 8734 1740 6049,2.99,Entertainment transaction status: Pending. Record updated and logged successfully.,Entertainment withdrawal transaction is awaiting processing approval with account verification and standard banking review.,Pending
8/11/2021,785,Withdrawal,entertainment,1731.23,FR18 2382 3400 38VW 7RBE K9XN W11,MC55 2911 4425 73OS MOCW 1ZVD 636,4.3,Entertainment transaction status: Failed. Record updated and logged successfully.,Entertainment withdrawal transaction could not be completed successfully with account verification and standard banking review.,Failed
2/22/2020,786,Withdrawal,entertainment,9033.58,CY70 2744 9865 WCQL HEF7 NXBO JUX8,TN86 3891 7898 7682 7529 2366,40.69,Entertainment transaction status: Completed. Record updated and logged successfully.,Entertainment withdrawal transaction completed successfully with account verification and standard banking review.,Completed
1/2/2020,787,Deposit,groceries,2517.35,CR19 9784 8555 1910 6147 6,FR63 1076 3575 60YY ZB6J 6OEK 213,16.29,Groceries transaction status: Completed. Record updated and logged successfully.,Groceries deposit transaction completed successfully with account verification and standard banking review.,Completed
2/4/2021,788,Deposit,entertainment,5580.38,BH93 MWCF ZC6X NTWM OWZZ PX,NO57 9589 7742 327,28.28,Entertainment transaction status: Pending. Record updated and logged successfully.,Entertainment deposit transaction is awaiting processing approval with account verification and standard banking review.,Pending
9/28/2021,789,Deposit,utilities,5431.2,AZ39 OKVH UA0Z ZSV6 WFFO WYR5 GS7M,GI54 AGNS ADGK BEMV P4MF RQX,2.33,Utilities transaction status: Completed. Record updated and logged successfully.,Utilities deposit transaction completed successfully with account verification and standard banking review.,Completed
3/21/2020,790,Transfer,entertainment,6963.14,FR65 9505 8165 18MW FLJ1 FQSA D13,GE77 FG33 3242 8327 5631 65,49.0,Entertainment transaction status: Failed. Record updated and logged successfully.,Entertainment transfer transaction could not be completed successfully with account verification and standard banking review.,Failed
2/17/2020,791,Deposit,utilities,4274.45,RO43 ZPER SJNE LCJU ZUZR KUG7,CR82 1060 4475 6456 5018 0,26.68,Utilities transaction status: Failed. Record updated and logged successfully.,Utilities deposit transaction could not be completed successfully with account verification and standard banking review.,Failed
5/21/2022,792,Deposit,entertainment,10.33,CH85 5572 9GLD PN1E BU0S Y,DE94 7092 0367 7271 9833 81,35.68,Entertainment transaction status: Completed. Record updated and logged successfully.,Entertainment deposit transaction completed successfully with account verification and standard banking review.,Completed
9/20/2020,793,Transfer,entertainment,4662.1,FR07 8713 7887 74W9 VCFL 3EZL H62,FR51 4164 8764 60PS 7VVL PRVB 486,20.24,Entertainment transaction status: Pending. Record updated and logged successfully.,Entertainment transfer transaction is awaiting processing approval with account verification and standard banking review.,Pending
6/29/2020,794,Withdrawal,entertainment,5967.62,GE58 EB02 6952 1932 4373 08,RO38 SVGN DBYQ V4GA 7NAW SQMP,48.16,Entertainment transaction status: Failed. Record updated and logged successfully.,Entertainment withdrawal transaction could not be completed successfully with account verification and standard banking review.,Failed
7/16/2022,795,Transfer,entertainment,7094.11,MT63 VUAC 0719 6LUW BPUG C3QV 6JYO BLS,RS92 8771 0684 3400 9976 56,10.49,Entertainment transaction status: Failed. Record updated and logged successfully.,Entertainment transfer transaction could not be completed successfully with account verification and standard banking review.,Failed
7/29/2022,796,Deposit,entertainment,1176.26,FR40 5603 8344 948A 9J7Y UARE X37,FR30 9930 7494 98U2 R36S RESJ 165,47.74,Entertainment transaction status: Failed. Record updated and logged successfully.,Entertainment deposit transaction could not be completed successfully with account verification and standard banking review.,Failed
2/18/2021,797,Transfer,groceries,8100.93,EE34 0942 0321 8261 0349,DK62 4225 2890 5219 69,18.86,Groceries transaction status: Completed. Record updated and logged successfully.,Groceries transfer transaction completed successfully with account verification and standard banking review.,Completed
11/4/2020,798,Deposit,groceries,9547.85,FR81 6792 0428 32E1 CUOR DBR6 J17,RO08 XAAF SMQ1 RMJ5 F7S7 IQWU,48.39,Groceries transaction status: Failed. Record updated and logged successfully.,Groceries deposit transaction could not be completed successfully with account verification and standard banking review.,Failed
8/14/2021,799,Deposit,entertainment,5319.82,GR77 1589 092G RCAI K3I3 0MQ1 49F,BA80 2827 2729 5947 8492,24.76,Entertainment transaction status: Completed. Record updated and logged successfully.,Entertainment deposit transaction completed successfully with account verification and standard banking review.,Completed
9/27/2020,800,Transfer,groceries,9953.21,FR11 9577 4540 49W7 ONKI IQEZ I42,DE79 0989 3088 9133 8953 63,2.92,Groceries transaction status: Pending. Record updated and logged successfully.,Groceries transfer transaction is awaiting processing approval with account verification and standard banking review.,Pending
11/13/2020,801,Transfer,groceries,1971.0,FR88 2311 6393 571D KUFF ZGCS L31,CZ49 8769 0518 9890 8763 9206,9.99,Groceries transaction status: Failed. Record updated and logged successfully.,Groceries transfer transaction could not be completed successfully with account verification and standard banking review.,Failed
12/11/2020,802,Withdrawal,entertainment,6894.86,MU50 VYVI 5603 0276 8372 7864 982N NR,FR57 5976 4071 21RX 6YZ9 XYXA C53,6.27,Entertainment transaction status: Pending. Record updated and logged successfully.,Entertainment withdrawal transaction is awaiting processing approval with account verification and standard banking review.,Pending
6/22/2021,803,Transfer,groceries,2598.11,SI53 2687 4622 2833 923,AT17 5013 6657 9501 4820,33.35,Groceries transaction status: Pending. Record updated and logged successfully.,Groceries transfer transaction is awaiting processing approval with account verification and standard banking review.,Pending
12/14/2021,804,Withdrawal,entertainment,4158.87,FO67 2093 0284 8992 87,CZ52 5828 4601 3350 9349 7895,42.72,Entertainment transaction status: Failed. Record updated and logged successfully.,Entertainment withdrawal transaction could not be completed successfully with account verification and standard banking review.,Failed
1/4/2020,805,Withdrawal,entertainment,7128.16,LV67 EVVT MPFU 7Z4K 7FIS U,FR43 9708 7758 42N5 5RA9 9R1P W29,29.55,Entertainment transaction status: Failed. Record updated and logged successfully.,Entertainment withdrawal transaction could not be completed successfully with account verification and standard banking review.,Failed
4/25/2021,806,Transfer,groceries,6819.33,FR61 1526 6876 67XP ZHNU AFZV O98,FR47 5839 7188 27QV R6U7 BXM3 D54,9.77,Groceries transaction status: Pending. Record updated and logged successfully.,Groceries transfer transaction is awaiting processing approval with account verification and standard banking review.,Pending
7/20/2020,807,Transfer,utilities,5433.31,LU02 194V LFK9 ZONR HVM3,FR55 8599 6333 04M2 UIW0 SMGS M59,4.9,Utilities transaction status: Completed. Record updated and logged successfully.,Utilities transfer transaction completed successfully with account verification and standard banking review.,Completed
10/17/2022,808,Transfer,utilities,8800.95,GR41 2180 545F 2SK0 FNU2 TLYR 8U3,GB45 DRRN 4522 7413 0049 36,1.7,Utilities transaction status: Failed. Record updated and logged successfully.,Utilities transfer transaction could not be completed successfully with account verification and standard banking review.,Failed
4/13/2020,809,Deposit,entertainment,3561.26,BA08 6644 1944 2013 5714,FI78 3077 9257 5246 33,36.29,Entertainment transaction status: Completed. Record updated and logged successfully.,Entertainment deposit transaction completed successfully with account verification and standard banking review.,Completed
12/19/2022,810,Transfer,entertainment,5507.75,HU09 1710 7209 8415 4436 6616 1933,GI96 EHSQ UVM4 SDIK 0VAE G05,42.18,Entertainment transaction status: Pending. Record updated and logged successfully.,Entertainment transfer transaction is awaiting processing approval with account verification and standard banking review.,Pending
3/8/2021,811,Deposit,utilities,2823.45,SI15 5417 9467 4034 904,MR60 1006 1044 2171 6540 2706 068,7.23,Utilities transaction status: Completed. Record updated and logged successfully.,Utilities deposit transaction completed successfully with account verification and standard banking review.,Completed
8/1/2020,812,Transfer,entertainment,8256.67,LI80 2457 9LRL QPLZ MCIE Q,GB58 GFFC 9875 4709 5263 68,25.19,Entertainment transaction status: Pending. Record updated and logged successfully.,Entertainment transfer transaction is awaiting processing approval with account verification and standard banking review.,Pending
1/27/2022,813,Deposit,groceries,7411.7,RS47 3392 4622 5033 3276 33,HR10 6864 8764 9471 2803 5,17.02,Groceries transaction status: Completed. Record updated and logged successfully.,Groceries deposit transaction completed successfully with account verification and standard banking review.,Completed
6/10/2022,814,Withdrawal,entertainment,4497.27,LI16 3947 2OBS SXNO TN50 F,IT10 P426 9790 285J WVOU AOPL XF4,24.26,Entertainment transaction status: Completed. Record updated and logged successfully.,Entertainment withdrawal transaction completed successfully with account verification and standard banking review.,Completed
5/2/2021,815,Deposit,entertainment,5164.04,EE20 1532 6921 2762 6009,BE59 6533 7025 7457,49.03,Entertainment transaction status: Completed. Record updated and logged successfully.,Entertainment deposit transaction completed successfully with account verification and standard banking review.,Completed
6/16/2020,816,Transfer,entertainment,7922.79,FR37 8342 3556 97KT EGYT WOKU 415,CY81 1619 6503 N4HF HGRC JVMD N7NV,16.22,Entertainment transaction status: Completed. Record updated and logged successfully.,Entertainment transfer transaction completed successfully with account verification and standard banking review.,Completed
5/28/2022,817,Deposit,entertainment,5050.36,ME80 3996 5891 8766 0968 58,SE11 8221 2019 1428 7063 5182,23.3,Entertainment transaction status: Pending. Record updated and logged successfully.,Entertainment deposit transaction is awaiting processing approval with account verification and standard banking review.,Pending
4/13/2022,818,Transfer,entertainment,128.99,BH29 BKQU DPB5 SHKT DOIE CG,VG61 NIYS 6257 6993 8675 0092,32.45,Entertainment transaction status: Failed. Record updated and logged successfully.,Entertainment transfer transaction could not be completed successfully with account verification and standard banking review.,Failed
10/19/2021,819,Withdrawal,utilities,9685.56,CH37 9836 8ZH0 OMML REW4 A,CH07 8573 0O3B AN3E W0QN R,37.12,Utilities transaction status: Failed. Record updated and logged successfully.,Utilities withdrawal transaction could not be completed successfully with account verification and standard banking review.,Failed
5/9/2022,820,Transfer,utilities,478.76,AD83 8698 7322 JXB6 TE8I LCR1,IL14 4293 3015 4076 4976 319,9.83,Utilities transaction status: Completed. Record updated and logged successfully.,Utilities transfer transaction completed successfully with account verification and standard banking review.,Completed
6/9/2021,821,Transfer,utilities,8296.23,IS05 3543 5486 6511 7450 6985 49,IS31 2003 8218 9592 9514 2611 30,0.15,Utilities transaction status: Completed. Record updated and logged successfully.,Utilities transfer transaction completed successfully with account verification and standard banking review.,Completed
8/22/2022,822,Withdrawal,groceries,7501.33,SI37 0550 5145 7962 541,PS24 TYYZ HBZV RAMM UUKU RQAJ RPP7 F,22.41,Groceries transaction status: Failed. Record updated and logged successfully.,Groceries withdrawal transaction could not be completed successfully with account verification and standard banking review.,Failed
7/15/2022,823,Deposit,entertainment,4001.87,FO51 8787 5718 4231 05,FR85 4723 4628 446D KCDU BIDF I95,46.18,Entertainment transaction status: Failed. Record updated and logged successfully.,Entertainment deposit transaction could not be completed successfully with account verification and standard banking review.,Failed
5/25/2020,824,Withdrawal,groceries,1222.66,SM06 G397 3971 385J VNKV FOIP XBK,MR11 0840 4713 0204 6714 3919 939,5.12,Groceries transaction status: Failed. Record updated and logged successfully.,Groceries withdrawal transaction could not be completed successfully with account verification and standard banking review.,Failed
8/17/2022,825,Deposit,groceries,8876.68,RO09 OFIM 1V49 CMQV XJFR CXIU,CY35 1060 4688 QDAR PUHF RXCG F4J6,43.4,Groceries transaction status: Failed. Record updated and logged successfully.,Groceries deposit transaction could not be completed successfully with account verification and standard banking review.,Failed
6/15/2022,826,Withdrawal,groceries,7899.56,TN98 5436 1541 9700 6649 0675,SK17 7413 1164 7039 2749 7851,8.8,Groceries transaction status: Pending. Record updated and logged successfully.,Groceries withdrawal transaction is awaiting processing approval with account verification and standard banking review.,Pending
2/24/2022,827,Withdrawal,entertainment,6871.59,IS68 8125 8930 8646 6173 6244 78,KZ50 763Z RSZM 4YOA SPOQ,7.88,Entertainment transaction status: Pending. Record updated and logged successfully.,Entertainment withdrawal transaction is awaiting processing approval with account verification and standard banking review.,Pending
9/25/2022,828,Transfer,entertainment,6095.1,SA07 35Y8 ZTQT MQRL B8Y2 LOVP,NO47 5913 8262 734,1.93,Entertainment transaction status: Completed. Record updated and logged successfully.,Entertainment transfer transaction completed successfully with account verification and standard banking review.,Completed
12/12/2020,829,Deposit,utilities,1840.71,GR08 6827 3061 DGSV DX3T 7BQP WSQ,EE54 8001 5053 0551 0303,24.89,Utilities transaction status: Pending. Record updated and logged successfully.,Utilities deposit transaction is awaiting processing approval with account verification and standard banking review.,Pending
7/6/2020,830,Withdrawal,groceries,341.33,MK38 051W W2M1 CDF7 716,CR45 0390 2206 3405 5392 6,37.62,Groceries transaction status: Failed. Record updated and logged successfully.,Groceries withdrawal transaction could not be completed successfully with account verification and standard banking review.,Failed
4/2/2020,831,Transfer,utilities,8644.38,SM79 S024 2413 2359 KYZZ WX3Z SDY,BH33 ITTH MZVR ILMU YLAZ HM,16.23,Utilities transaction status: Failed. Record updated and logged successfully.,Utilities transfer transaction could not be completed successfully with account verification and standard banking review.,Failed
2/24/2021,832,Withdrawal,entertainment,2725.12,SI12 8657 3414 8091 454,GE50 NQ37 9796 4724 8344 94,44.27,Entertainment transaction status: Failed. Record updated and logged successfully.,Entertainment withdrawal transaction could not be completed successfully with account verification and standard banking review.,Failed
10/18/2022,833,Withdrawal,utilities,3013.0,AE75 4074 7048 7507 1555 851,SI09 4875 3634 4413 712,33.71,Utilities transaction status: Completed. Record updated and logged successfully.,Utilities withdrawal transaction completed successfully with account verification and standard banking review.,Completed
11/28/2022,834,Deposit,entertainment,8618.29,CZ22 2716 4862 6213 8144 9272,GT46 1CYS UKS5 QDVY Z77E LN5E QSAV,10.09,Entertainment transaction status: Failed. Record updated and logged successfully.,Entertainment deposit transaction could not be completed successfully with account verification and standard banking review.,Failed
8/31/2021,835,Transfer,entertainment,6225.99,BA36 2307 7759 0468 7159,BH23 QCEU EHCB K272 FXPD D6,21.84,Entertainment transaction status: Pending. Record updated and logged successfully.,Entertainment transfer transaction is awaiting processing approval with account verification and standard banking review.,Pending
6/21/2021,836,Transfer,groceries,1673.9,LV48 FRSQ XGLJ HRFQ Z4GB M,FR25 3679 2508 42FP MXLU PQ4Q P15,45.19,Groceries transaction status: Completed. Record updated and logged successfully.,Groceries transfer transaction completed successfully with account verification and standard banking review.,Completed
11/4/2020,837,Transfer,utilities,9499.64,FR84 6686 7535 77GH ZIK3 DKBJ D27,LI07 6367 3DSW 2DNZ NLEC K,19.42,Utilities transaction status: Pending. Record updated and logged successfully.,Utilities transfer transaction is awaiting processing approval with account verification and standard banking review.,Pending
12/19/2022,838,Transfer,entertainment,7569.89,DE92 1733 9645 2050 0359 75,IS47 8861 1314 1873 4689 7154 06,20.26,Entertainment transaction status: Pending. Record updated and logged successfully.,Entertainment transfer transaction is awaiting processing approval with account verification and standard banking review.,Pending
12/16/2020,839,Transfer,groceries,9714.15,FR64 1638 2268 59W2 VXLO F6SE 507,HU92 5800 4839 6052 6407 8184 8051,40.41,Groceries transaction status: Completed. Record updated and logged successfully.,Groceries transfer transaction completed successfully with account verification and standard banking review.,Completed
12/10/2022,840,Transfer,groceries,7848.21,PT87 0498 6205 6211 2844 9144 2,LI46 3850 89SZ IKMU 5ZC4 7,49.84,Groceries transaction status: Pending. Record updated and logged successfully.,Groceries transfer transaction is awaiting processing approval with account verification and standard banking review.,Pending
1/17/2022,841,Withdrawal,entertainment,2673.28,FI56 9474 9154 5531 78,LI24 6833 1ZC5 F3DR PZM5 I,17.18,Entertainment transaction status: Pending. Record updated and logged successfully.,Entertainment withdrawal transaction is awaiting processing approval with account verification and standard banking review.,Pending
12/27/2021,842,Transfer,entertainment,7123.09,MC29 5157 4770 48UZ IJ5Y CEXR K71,ME84 9792 4507 1109 5081 22,29.89,Entertainment transaction status: Pending. Record updated and logged successfully.,Entertainment transfer transaction is awaiting processing approval with account verification and standard banking review.,Pending
2/14/2021,843,Deposit,groceries,5672.01,HU67 1083 0954 0037 3740 7834 2601,PL02 3065 1544 7604 8351 0759 5947,42.95,Groceries transaction status: Completed. Record updated and logged successfully.,Groceries deposit transaction completed successfully with account verification and standard banking review.,Completed
5/20/2020,844,Transfer,groceries,6628.28,SE22 1929 3570 7704 7382 5355,AT73 2337 6837 0252 0051,38.74,Groceries transaction status: Completed. Record updated and logged successfully.,Groceries transfer transaction completed successfully with account verification and standard banking review.,Completed
6/8/2022,845,Deposit,groceries,9997.98,CY86 7923 6318 HN7H IODR 7O7K OQZO,CH71 9716 4BIU ZUSP FJJZ U,27.82,Groceries transaction status: Pending. Record updated and logged successfully.,Groceries deposit transaction is awaiting processing approval with account verification and standard banking review.,Pending
11/19/2020,846,Withdrawal,entertainment,9817.04,SK95 5192 4598 4033 0029 6451,SM44 M686 8320 623Y ZLOO TPNL SGM,18.89,Entertainment transaction status: Failed. Record updated and logged successfully.,Entertainment withdrawal transaction could not be completed successfully with account verification and standard banking review.,Failed
6/22/2022,847,Withdrawal,utilities,9235.41,KZ49 019A NWJD DAST O1PF,GE08 ZH43 7677 2002 1700 78,44.34,Utilities transaction status: Pending. Record updated and logged successfully.,Utilities withdrawal transaction is awaiting processing approval with account verification and standard banking review.,Pending
6/22/2020,848,Deposit,utilities,6924.19,SK62 0707 5766 1033 0373 3735,AT28 1069 6992 7954 7705,42.6,Utilities transaction status: Pending. Record updated and logged successfully.,Utilities deposit transaction is awaiting processing approval with account verification and standard banking review.,Pending
8/23/2021,849,Transfer,utilities,4671.41,SE10 4191 6802 9651 5127 0293,FR49 3142 4668 21EL ZGJF YSPS V68,14.56,Utilities transaction status: Completed. Record updated and logged successfully.,Utilities transfer transaction completed successfully with account verification and standard banking review.,Completed
2/11/2020,850,Withdrawal,entertainment,7158.11,FR76 5383 0009 37RS KNIX YNTT M68,FR37 3349 4756 97Y0 MYBU LTIQ W55,45.61,Entertainment transaction status: Pending. Record updated and logged successfully.,Entertainment withdrawal transaction is awaiting processing approval with account verification and standard banking review.,Pending
10/19/2022,851,Transfer,entertainment,746.56,PL51 1657 1163 8760 4384 7356 7183,KZ79 958J LYAE HMNF YQPN,18.37,Entertainment transaction status: Completed. Record updated and logged successfully.,Entertainment transfer transaction completed successfully with account verification and standard banking review.,Completed
8/7/2021,852,Transfer,utilities,7760.66,PK45 XAKW WLZB 8R1L N4YS T09M,FR14 9398 4209 75BW Y6BY YITW 961,45.8,Utilities transaction status: Pending. Record updated and logged successfully.,Utilities transfer transaction is awaiting processing approval with account verification and standard banking review.,Pending
9/4/2020,853,Transfer,utilities,305.48,FR45 2024 9648 93RB ANR4 D5SX B03,FI86 8048 9320 2036 46,37.33,Utilities transaction status: Pending. Record updated and logged successfully.,Utilities transfer transaction is awaiting processing approval with account verification and standard banking review.,Pending
12/7/2020,854,Deposit,groceries,2126.38,LU04 881N 79O9 GX2I FSVY,GE80 AC58 7583 9759 4891 98,41.6,Groceries transaction status: Completed. Record updated and logged successfully.,Groceries deposit transaction completed successfully with account verification and standard banking review.,Completed
7/13/2020,855,Deposit,groceries,976.64,DO88 9E7J 3404 9296 8032 3568 5851,AL53 9629 3610 T3U4 IESK 8AE7 OHGI,40.81,Groceries transaction status: Pending. Record updated and logged successfully.,Groceries deposit transaction is awaiting processing approval with account verification and standard banking review.,Pending
5/22/2022,856,Withdrawal,groceries,4633.11,NO35 8860 1486 531,PS17 DLDM 5N41 DTKJ 3IDI 3719 TXJJ B,19.92,Groceries transaction status: Failed. Record updated and logged successfully.,Groceries withdrawal transaction could not be completed successfully with account verification and standard banking review.,Failed
12/26/2020,857,Deposit,utilities,8485.84,DO33 KGH1 5142 2949 8961 4836 5343,LT43 6290 8165 9208 0987,6.18,Utilities transaction status: Pending. Record updated and logged successfully.,Utilities deposit transaction is awaiting processing approval with account verification and standard banking review.,Pending
7/29/2021,858,Deposit,groceries,8023.88,FR89 8192 1977 207A KQIS LAWU R05,FR79 4531 3506 34VD L86P SC6O E55,38.95,Groceries transaction status: Failed. Record updated and logged successfully.,Groceries deposit transaction could not be completed successfully with account verification and standard banking review.,Failed
11/19/2022,859,Transfer,utilities,2824.24,SE24 1437 0023 7189 1227 4054,HU33 5485 3406 2493 1870 3149 2743,15.05,Utilities transaction status: Failed. Record updated and logged successfully.,Utilities transfer transaction could not be completed successfully with account verification and standard banking review.,Failed
10/2/2022,860,Deposit,groceries,7857.73,DK40 0290 8493 5485 73,AL63 5741 2408 6CE3 RTTG 55WS SN3C,2.92,Groceries transaction status: Completed. Record updated and logged successfully.,Groceries deposit transaction completed successfully with account verification and standard banking review.,Completed
8/17/2020,861,Withdrawal,groceries,189.89,FR69 7389 0305 67AM 0DJL BETB X38,KW86 VCVP N48L A9DY EBEP DPMB K0NE IM,23.8,Groceries transaction status: Failed. Record updated and logged successfully.,Groceries withdrawal transaction could not be completed successfully with account verification and standard banking review.,Failed
10/5/2021,862,Deposit,groceries,3973.35,LU90 837C PMWV KRI8 PYBS,GI91 HEUU BQIQ ZKMB OQCK NYP,48.99,Groceries transaction status: Completed. Record updated and logged successfully.,Groceries deposit transaction completed successfully with account verification and standard banking review.,Completed
12/5/2022,863,Transfer,utilities,3633.84,GL52 6902 2457 0661 19,SI13 9135 5013 5395 761,36.46,Utilities transaction status: Pending. Record updated and logged successfully.,Utilities transfer transaction is awaiting processing approval with account verification and standard banking review.,Pending
7/8/2021,864,Withdrawal,utilities,3428.64,NO95 7727 4069 212,FR67 1136 8788 57V5 ZRPR U7MN Q83,1.75,Utilities transaction status: Completed. Record updated and logged successfully.,Utilities withdrawal transaction completed successfully with account verification and standard banking review.,Completed
12/22/2020,865,Deposit,groceries,9377.85,FR71 0926 8591 44XN MLSG WX97 T44,BE44 9865 7487 8769,17.19,Groceries transaction status: Pending. Record updated and logged successfully.,Groceries deposit transaction is awaiting processing approval with account verification and standard banking review.,Pending
2/10/2020,866,Withdrawal,utilities,778.44,FR74 0772 9738 74SX WOTO YYNR C68,FR37 9313 1662 37DE 1L9F HQFO 036,31.81,Utilities transaction status: Pending. Record updated and logged successfully.,Utilities withdrawal transaction is awaiting processing approval with account verification and standard banking review.,Pending
11/10/2020,867,Deposit,utilities,6216.19,RS63 0524 3058 6336 2970 25,DE79 3671 5727 0600 9679 81,30.76,Utilities transaction status: Completed. Record updated and logged successfully.,Utilities deposit transaction completed successfully with account verification and standard banking review.,Completed
12/3/2022,868,Transfer,groceries,362.1,FR18 0298 1045 24JQ 4EDS EW2E I79,MD09 DXLJ NQMR 7YRC VHKL 2XNQ,13.28,Groceries transaction status: Failed. Record updated and logged successfully.,Groceries transfer transaction could not be completed successfully with account verification and standard banking review.,Failed
8/22/2021,869,Deposit,entertainment,1029.46,GL11 1451 8920 7888 88,MC21 0243 7139 25WZ RSLN B66C V75,43.12,Entertainment transaction status: Failed. Record updated and logged successfully.,Entertainment deposit transaction could not be completed successfully with account verification and standard banking review.,Failed
4/30/2020,870,Withdrawal,entertainment,4143.29,EE85 2443 9128 9542 1578,MC39 6078 4654 9856 BN1R CGWM H45,5.78,Entertainment transaction status: Failed. Record updated and logged successfully.,Entertainment withdrawal transaction could not be completed successfully with account verification and standard banking review.,Failed
10/23/2022,871,Withdrawal,entertainment,2533.66,DO18 ESIC 8900 9765 1404 2491 1773,SM42 M353 9591 628G CE98 RBF7 ZNI,4.15,Entertainment transaction status: Completed. Record updated and logged successfully.,Entertainment withdrawal transaction completed successfully with account verification and standard banking review.,Completed
11/23/2021,872,Transfer,groceries,4895.52,NL27 ULID 5108 6717 99,FO55 3088 1205 0593 87,33.54,Groceries transaction status: Failed. Record updated and logged successfully.,Groceries transfer transaction could not be completed successfully with account verification and standard banking review.,Failed
5/23/2021,873,Transfer,entertainment,2238.52,FR95 3036 3448 87G5 CEOQ FKIR S10,SA72 505D 2QRE IKBN KUPK GXQE,22.25,Entertainment transaction status: Completed. Record updated and logged successfully.,Entertainment transfer transaction completed successfully with account verification and standard banking review.,Completed
9/28/2021,874,Withdrawal,entertainment,9516.53,EE15 7060 1401 5911 0456,GL50 2079 9491 1180 93,34.12,Entertainment transaction status: Pending. Record updated and logged successfully.,Entertainment withdrawal transaction is awaiting processing approval with account verification and standard banking review.,Pending
7/20/2020,875,Transfer,utilities,9682.63,PK64 LXEN 0BGY XNYZ 8RRI 5GNS,ES84 3578 4985 1544 0781 4005,33.96,Utilities transaction status: Completed. Record updated and logged successfully.,Utilities transfer transaction completed successfully with account verification and standard banking review.,Completed
7/3/2020,876,Transfer,groceries,4091.23,EE95 7916 7032 9299 0882,SK06 8669 1001 6771 4465 7253,4.47,Groceries transaction status: Pending. Record updated and logged successfully.,Groceries transfer transaction is awaiting processing approval with account verification and standard banking review.,Pending
5/3/2022,877,Deposit,entertainment,6372.45,ME25 2039 9310 7349 6691 38,SM60 G127 3735 088P OFRT SATD KEY,14.79,Entertainment transaction status: Failed. Record updated and logged successfully.,Entertainment deposit transaction could not be completed successfully with account verification and standard banking review.,Failed
1/28/2021,878,Withdrawal,entertainment,349.93,PS58 SIZM WJVN SRPE 1XHT CRQA RBBA 1,FR33 6747 7007 344S 00EV JNPB 339,22.57,Entertainment transaction status: Pending. Record updated and logged successfully.,Entertainment withdrawal transaction is awaiting processing approval with account verification and standard banking review.,Pending
12/13/2022,879,Transfer,groceries,5506.95,BA30 8860 2411 0470 4826,CY74 9976 1987 WE4U JQXJ 30ER WXWI,15.27,Groceries transaction status: Completed. Record updated and logged successfully.,Groceries transfer transaction completed successfully with account verification and standard banking review.,Completed
9/27/2022,880,Transfer,groceries,2876.05,GL10 4407 3914 2685 19,FR68 7209 8552 02PS 6KPM 4R8U Q62,4.94,Groceries transaction status: Completed. Record updated and logged successfully.,Groceries transfer transaction completed successfully with account verification and standard banking review.,Completed
1/7/2021,881,Withdrawal,utilities,9315.81,NO72 8974 7833 708,FR97 2722 3087 06KH 2DNH N0AT 402,11.57,Utilities transaction status: Pending. Record updated and logged successfully.,Utilities withdrawal transaction is awaiting processing approval with account verification and standard banking review.,Pending
8/27/2021,882,Withdrawal,entertainment,1028.19,SI48 1252 8737 2089 329,DE56 4589 2994 9066 8735 76,27.4,Entertainment transaction status: Completed. Record updated and logged successfully.,Entertainment withdrawal transaction completed successfully with account verification and standard banking review.,Completed
4/15/2020,883,Transfer,entertainment,6127.22,LV74 XDMB 08UP KMAR NQYZ Y,FO37 1587 9966 0986 67,20.19,Entertainment transaction status: Pending. Record updated and logged successfully.,Entertainment transfer transaction is awaiting processing approval with account verification and standard banking review.,Pending
9/15/2021,884,Deposit,groceries,1500.47,RS95 7179 7977 8865 9391 67,GE43 IY77 8000 9929 6039 60,1.66,Groceries transaction status: Completed. Record updated and logged successfully.,Groceries deposit transaction completed successfully with account verification and standard banking review.,Completed
8/1/2021,885,Withdrawal,utilities,3072.45,BE09 5832 5184 6532,AD14 9345 5646 BSBL TLOB 38UZ,45.29,Utilities transaction status: Failed. Record updated and logged successfully.,Utilities withdrawal transaction could not be completed successfully with account verification and standard banking review.,Failed
11/24/2022,886,Deposit,groceries,598.55,NO13 9568 4864 300,SI25 4877 3811 5375 200,4.68,Groceries transaction status: Completed. Record updated and logged successfully.,Groceries deposit transaction completed successfully with account verification and standard banking review.,Completed
10/8/2021,887,Deposit,entertainment,9355.47,BE03 3352 8205 1366,GL10 0604 2495 7418 87,2.44,Entertainment transaction status: Completed. Record updated and logged successfully.,Entertainment deposit transaction completed successfully with account verification and standard banking review.,Completed
11/8/2022,888,Transfer,entertainment,2072.47,FI60 6949 5497 8070 95,FR68 9471 7939 97PW C56G JZQU K47,49.15,Entertainment transaction status: Completed. Record updated and logged successfully.,Entertainment transfer transaction completed successfully with account verification and standard banking review.,Completed
2/24/2020,889,Deposit,groceries,7474.91,GT48 XOXD 4CME KWOS 4HNH 7JSH TVOX,GB59 CTYB 7431 8911 8213 79,0.13,Groceries transaction status: Completed. Record updated and logged successfully.,Groceries deposit transaction completed successfully with account verification and standard banking review.,Completed
4/21/2020,890,Transfer,utilities,4818.26,NO19 9776 8765 826,CY13 8758 5078 IDRY HC9I YYKI JJSE,43.63,Utilities transaction status: Failed. Record updated and logged successfully.,Utilities transfer transaction could not be completed successfully with account verification and standard banking review.,Failed
10/6/2021,891,Deposit,entertainment,6060.75,RO43 QEZR 4Q6X 4SPM T4Q3 SDQN,LT87 8406 9285 3712 5041,11.42,Entertainment transaction status: Pending. Record updated and logged successfully.,Entertainment deposit transaction is awaiting processing approval with account verification and standard banking review.,Pending
7/11/2022,892,Withdrawal,groceries,9413.36,MK14 685L A3L4 4GHX K32,NO48 1345 0242 276,1.29,Groceries transaction status: Completed. Record updated and logged successfully.,Groceries withdrawal transaction completed successfully with account verification and standard banking review.,Completed
2/9/2021,893,Transfer,entertainment,3148.66,FR12 9292 6330 85EU OAX2 JRPW L72,VG60 ZGIW 6668 5751 5369 2298,5.43,Entertainment transaction status: Pending. Record updated and logged successfully.,Entertainment transfer transaction is awaiting processing approval with account verification and standard banking review.,Pending
8/26/2020,894,Deposit,utilities,7799.4,FR96 2942 9288 41IS LEEV 3LTR 451,MR31 2020 8368 9216 6467 3612 726,39.17,Utilities transaction status: Completed. Record updated and logged successfully.,Utilities deposit transaction completed successfully with account verification and standard banking review.,Completed
8/30/2021,895,Transfer,utilities,6578.55,GB71 OWVD 3438 9729 4766 61,AT43 0377 7431 3453 8670,39.25,Utilities transaction status: Pending. Record updated and logged successfully.,Utilities transfer transaction is awaiting processing approval with account verification and standard banking review.,Pending
12/13/2022,896,Deposit,entertainment,6652.87,IE36 ISQH 7638 8987 2491 54,FR43 5514 2114 12ZB 3SVF 1CJO W66,0.8,Entertainment transaction status: Completed. Record updated and logged successfully.,Entertainment deposit transaction completed successfully with account verification and standard banking review.,Completed
12/23/2020,897,Deposit,entertainment,3967.18,BG59 WQBB 8637 66MI TDGH NM,IL12 3640 4206 0164 7229 434,11.03,Entertainment transaction status: Pending. Record updated and logged successfully.,Entertainment deposit transaction is awaiting processing approval with account verification and standard banking review.,Pending
10/3/2020,898,Withdrawal,entertainment,5277.48,FR56 6072 5246 81O8 BQYX OQEG J26,HR29 7774 5204 7801 6315 6,12.87,Entertainment transaction status: Failed. Record updated and logged successfully.,Entertainment withdrawal transaction could not be completed successfully with account verification and standard banking review.,Failed
5/11/2022,899,Deposit,utilities,9672.29,PS11 YSAJ XPXZ WGCF JKXC 1F4C NTRG M,FR96 9688 1102 10VK KTMQ QNUW 800,35.89,Utilities transaction status: Completed. Record updated and logged successfully.,Utilities deposit transaction completed successfully with account verification and standard banking review.,Completed
4/29/2022,900,Transfer,entertainment,1071.43,DE74 3726 0488 1960 9291 64,FR56 0118 9136 83AV KO0W PXTQ W45,34.84,Entertainment transaction status: Failed. Record updated and logged successfully.,Entertainment transfer transaction could not be completed successfully with account verification and standard banking review.,Failed
9/25/2021,901,Transfer,entertainment,8212.79,CR05 1486 9238 5054 4996 0,GR02 5575 718Z VJHG G6JB L2GH MWQ,1.0,Entertainment transaction status: Failed. Record updated and logged successfully.,Entertainment transfer transaction could not be completed successfully with account verification and standard banking review.,Failed
4/27/2020,902,Transfer,groceries,5879.32,MU66 WNCE 4279 5385 1407 6637 068G YI,GT62 NZOM LPES 2IEK S1MA WVHH ZYMV,40.04,Groceries transaction status: Completed. Record updated and logged successfully.,Groceries transfer transaction completed successfully with account verification and standard banking review.,Completed
10/3/2021,903,Transfer,utilities,2421.23,FR22 4187 5944 25MX 6OKS OSKX Z63,LU11 618X EXUF VVZM YGQ4,29.09,Utilities transaction status: Pending. Record updated and logged successfully.,Utilities transfer transaction is awaiting processing approval with account verification and standard banking review.,Pending
5/6/2021,904,Deposit,entertainment,9434.17,FR10 0376 6604 7435 HHMK GE2U Z93,CR46 3968 6369 2268 6685 3,29.29,Entertainment transaction status: Pending. Record updated and logged successfully.,Entertainment deposit transaction is awaiting processing approval with account verification and standard banking review.,Pending
1/20/2021,905,Withdrawal,entertainment,4026.06,NO57 0791 9337 422,MT42 HIBX 5567 5PEK QWEU KCG7 K1H3 OMJ,47.25,Entertainment transaction status: Pending. Record updated and logged successfully.,Entertainment withdrawal transaction is awaiting processing approval with account verification and standard banking review.,Pending
1/30/2022,906,Withdrawal,utilities,1572.89,SE54 4401 9610 3456 7458 7088,CH72 4950 52XT 6RRT UD6L U,14.88,Utilities transaction status: Completed. Record updated and logged successfully.,Utilities withdrawal transaction completed successfully with account verification and standard banking review.,Completed
5/24/2022,907,Transfer,entertainment,8331.22,IS86 7410 5958 4275 8718 2559 94,GT63 444V K0DT LPVK UVKA EIM8 HLXV,22.99,Entertainment transaction status: Completed. Record updated and logged successfully.,Entertainment transfer transaction completed successfully with account verification and standard banking review.,Completed
8/26/2021,908,Deposit,groceries,9569.64,MC47 4097 2726 97LC G2BA OQKS Z26,FR32 2895 4594 55TA CGST 3JDN O76,33.23,Groceries transaction status: Pending. Record updated and logged successfully.,Groceries deposit transaction is awaiting processing approval with account verification and standard banking review.,Pending
5/1/2022,909,Transfer,groceries,3824.16,GE49 UV58 3778 8971 4915 95,MT96 OWXI 7948 5TBI QPM1 PBUH OWVW UUE,9.55,Groceries transaction status: Failed. Record updated and logged successfully.,Groceries transfer transaction could not be completed successfully with account verification and standard banking review.,Failed
6/15/2022,910,Deposit,entertainment,5804.45,DE60 5667 1909 9551 7730 20,RS42 0902 7644 8352 5173 67,49.34,Entertainment transaction status: Failed. Record updated and logged successfully.,Entertainment deposit transaction could not be completed successfully with account verification and standard banking review.,Failed
5/28/2022,911,Transfer,entertainment,5296.78,MU28 VTBL 8158 3333 2148 5207 779O RG,IL88 0606 7451 6782 1962 035,19.65,Entertainment transaction status: Completed. Record updated and logged successfully.,Entertainment transfer transaction completed successfully with account verification and standard banking review.,Completed
2/1/2022,912,Deposit,groceries,2344.55,RO05 BWDZ NQEW 8BZC 7DWG LHSE,ES02 8742 6007 1558 7423 2138,6.63,Groceries transaction status: Pending. Record updated and logged successfully.,Groceries deposit transaction is awaiting processing approval with account verification and standard banking review.,Pending
4/19/2020,913,Withdrawal,groceries,9581.24,AD32 0432 6586 0YXL 9H5Z EGWK,FR73 1716 0065 02AZ QG0D TKYF B20,22.36,Groceries transaction status: Completed. Record updated and logged successfully.,Groceries withdrawal transaction completed successfully with account verification and standard banking review.,Completed
4/20/2020,914,Transfer,entertainment,5929.19,FR96 5698 2530 15D5 1QJZ BZMF L62,ME86 1023 4319 3416 8902 78,2.8,Entertainment transaction status: Failed. Record updated and logged successfully.,Entertainment transfer transaction could not be completed successfully with account verification and standard banking review.,Failed
9/26/2020,915,Withdrawal,utilities,3395.49,ME28 9561 7159 7515 3184 70,DK52 8253 6087 7430 52,43.79,Utilities transaction status: Pending. Record updated and logged successfully.,Utilities withdrawal transaction is awaiting processing approval with account verification and standard banking review.,Pending
3/5/2022,916,Withdrawal,groceries,4303.21,FR19 7642 2379 52SM AB3S 85X4 X53,AL84 7426 6638 PRXJ 0Z4M 5UNM IE6I,25.89,Groceries transaction status: Pending. Record updated and logged successfully.,Groceries withdrawal transaction is awaiting processing approval with account verification and standard banking review.,Pending
4/6/2021,917,Transfer,groceries,5446.04,NO31 4750 9295 123,RS47 3860 4132 4260 8692 79,2.62,Groceries transaction status: Pending. Record updated and logged successfully.,Groceries transfer transaction is awaiting processing approval with account verification and standard banking review.,Pending
7/13/2021,918,Transfer,groceries,5694.12,GE97 JU76 7698 3461 0207 08,CH26 5995 2EHW 0H5F NESW O,13.38,Groceries transaction status: Completed. Record updated and logged successfully.,Groceries transfer transaction completed successfully with account verification and standard banking review.,Completed
11/23/2020,919,Deposit,groceries,6008.56,SM94 C440 3102 855O ARSO ZSPM 3YD,FR39 1892 1718 69SV T3UF GM7E M12,7.98,Groceries transaction status: Completed. Record updated and logged successfully.,Groceries deposit transaction completed successfully with account verification and standard banking review.,Completed
9/6/2022,920,Transfer,entertainment,5018.61,SA78 809G G2WP BRHF ZRTZ 5JWY,GI59 VQIO BBI3 CIKM GRDM BHH,40.58,Entertainment transaction status: Completed. Record updated and logged successfully.,Entertainment transfer transaction completed successfully with account verification and standard banking review.,Completed
4/22/2020,921,Transfer,groceries,5111.63,FR76 2574 1462 70J2 3MYR Y9AU J18,MT10 UUGV 3733 40GL UEZ6 ZDCF RHK9 8EN,14.36,Groceries transaction status: Failed. Record updated and logged successfully.,Groceries transfer transaction could not be completed successfully with account verification and standard banking review.,Failed
1/27/2021,922,Transfer,groceries,9293.7,MR69 7309 6150 6109 0730 5956 062,LI56 6532 8WXJ ZJSP H8MB 5,45.64,Groceries transaction status: Pending. Record updated and logged successfully.,Groceries transfer transaction is awaiting processing approval with account verification and standard banking review.,Pending
10/1/2020,923,Withdrawal,utilities,801.14,TN45 8494 4161 6595 4703 6506,MU55 NCXE 1226 9664 8450 9228 465C PF,2.97,Utilities transaction status: Pending. Record updated and logged successfully.,Utilities withdrawal transaction is awaiting processing approval with account verification and standard banking review.,Pending
3/11/2022,924,Withdrawal,groceries,7540.25,HR97 9188 6045 4151 0442 6,GB24 OTUZ 9830 7647 9433 93,35.84,Groceries transaction status: Completed. Record updated and logged successfully.,Groceries withdrawal transaction completed successfully with account verification and standard banking review.,Completed
2/3/2021,925,Withdrawal,groceries,604.55,BR41 7880 3087 1002 2347 6504 098A 3,CR10 1481 6563 4588 4490 1,22.48,Groceries transaction status: Completed. Record updated and logged successfully.,Groceries withdrawal transaction completed successfully with account verification and standard banking review.,Completed
7/20/2022,926,Withdrawal,utilities,8205.19,HR15 7862 0380 0562 6834 3,AZ12 RIOR KACE I3KT NJC4 WI1T GJJD,37.05,Utilities transaction status: Completed. Record updated and logged successfully.,Utilities withdrawal transaction completed successfully with account verification and standard banking review.,Completed
4/5/2022,927,Transfer,entertainment,323.68,CR06 6475 7989 6038 8906 3,MK54 424Y 9ILO XFKF Z54,47.71,Entertainment transaction status: Completed. Record updated and logged successfully.,Entertainment transfer transaction completed successfully with account verification and standard banking review.,Completed
2/2/2022,928,Withdrawal,utilities,3772.13,GE73 JN62 3804 6462 0672 02,FR06 1865 0467 59MJ BYZO HQO5 353,37.63,Utilities transaction status: Completed. Record updated and logged successfully.,Utilities withdrawal transaction completed successfully with account verification and standard banking review.,Completed
11/16/2022,929,Deposit,entertainment,921.44,PS95 VBBX RUQ5 A5NA 2M2K FECD MVWN T,FI43 7545 4169 5872 67,37.08,Entertainment transaction status: Pending. Record updated and logged successfully.,Entertainment deposit transaction is awaiting processing approval with account verification and standard banking review.,Pending
7/2/2022,930,Deposit,entertainment,9058.49,FR50 1735 0891 17UB OKNI CJPU 278,PL27 4589 8198 2264 4896 5375 9706,3.88,Entertainment transaction status: Pending. Record updated and logged successfully.,Entertainment deposit transaction is awaiting processing approval with account verification and standard banking review.,Pending
10/15/2021,931,Deposit,groceries,5742.29,IE34 GHQP 0856 3452 0621 60,FR03 3054 8080 20TH LYIP M7EZ R31,49.55,Groceries transaction status: Pending. Record updated and logged successfully.,Groceries deposit transaction is awaiting processing approval with account verification and standard banking review.,Pending
2/8/2022,932,Transfer,groceries,9300.44,AT61 3940 9902 1312 8505,GR26 2047 7712 YZ5D THDM YIXC ZZ3,37.94,Groceries transaction status: Failed. Record updated and logged successfully.,Groceries transfer transaction could not be completed successfully with account verification and standard banking review.,Failed
5/24/2022,933,Transfer,entertainment,5309.57,BA06 1117 2414 8662 0859,GI94 FTHY NAVP BKBT RRBR KH1,20.0,Entertainment transaction status: Pending. Record updated and logged successfully.,Entertainment transfer transaction is awaiting processing approval with account verification and standard banking review.,Pending
5/18/2020,934,Deposit,groceries,1819.35,SA02 41FV IXIH H2VC 1JDS XX5I,HR26 1653 6037 9912 2420 7,18.21,Groceries transaction status: Completed. Record updated and logged successfully.,Groceries deposit transaction completed successfully with account verification and standard banking review.,Completed
6/15/2022,935,Transfer,entertainment,3736.37,BG84 KKCI 3674 500X CWRP XM,TN18 6165 8680 5491 9082 6202,32.16,Entertainment transaction status: Failed. Record updated and logged successfully.,Entertainment transfer transaction could not be completed successfully with account verification and standard banking review.,Failed
6/16/2021,936,Transfer,entertainment,1276.37,AZ15 OADQ SIGT AEQI 1AU4 YIKX 2E4F,EE46 0646 7546 7751 3397,28.19,Entertainment transaction status: Pending. Record updated and logged successfully.,Entertainment transfer transaction is awaiting processing approval with account verification and standard banking review.,Pending
12/27/2021,937,Transfer,utilities,5664.99,PL33 0715 1869 9434 8196 0909 5393,GL94 6971 8230 8925 04,8.24,Utilities transaction status: Failed. Record updated and logged successfully.,Utilities transfer transaction could not be completed successfully with account verification and standard banking review.,Failed
6/14/2021,938,Transfer,groceries,54.92,FR20 3052 8097 57IB B14Z ZUWR F99,MT36 IJET 9988 4NPP GTOZ ZKCW AR6I BHB,18.94,Groceries transaction status: Failed. Record updated and logged successfully.,Groceries transfer transaction could not be completed successfully with account verification and standard banking review.,Failed
9/29/2020,939,Transfer,groceries,3357.33,DK81 6360 2487 5184 91,FR06 7384 1449 49S6 XQOM B0QS 890,43.75,Groceries transaction status: Completed. Record updated and logged successfully.,Groceries transfer transaction completed successfully with account verification and standard banking review.,Completed
2/24/2021,940,Deposit,entertainment,3706.65,LT50 8507 0999 1675 3590,PS64 MESI BTUL WEUD VGEL HSTD BVTP 9,12.5,Entertainment transaction status: Failed. Record updated and logged successfully.,Entertainment deposit transaction could not be completed successfully with account verification and standard banking review.,Failed
9/2/2021,941,Transfer,groceries,8846.96,LI21 9976 9TZF 9TQR UKEE Y,BG03 FTGX 4821 08A6 SQTB W8,42.2,Groceries transaction status: Pending. Record updated and logged successfully.,Groceries transfer transaction is awaiting processing approval with account verification and standard banking review.,Pending
8/15/2021,942,Deposit,groceries,5606.03,DE12 0858 7016 9782 8066 19,MR06 2970 2903 3354 8383 6316 351,36.31,Groceries transaction status: Completed. Record updated and logged successfully.,Groceries deposit transaction completed successfully with account verification and standard banking review.,Completed
8/14/2020,943,Transfer,entertainment,5667.81,PS28 ORGU TVJZ 1GOM IYPR C0VH YGQX Q,AE31 3733 2401 8251 7520 572,8.2,Entertainment transaction status: Failed. Record updated and logged successfully.,Entertainment transfer transaction could not be completed successfully with account verification and standard banking review.,Failed
10/30/2022,944,Deposit,entertainment,9723.0,TR09 2463 0MDR WX0J DAM8 NPHX EF,IL31 2460 6311 0612 4590 780,48.82,Entertainment transaction status: Failed. Record updated and logged successfully.,Entertainment deposit transaction could not be completed successfully with account verification and standard banking review.,Failed
1/10/2020,945,Withdrawal,groceries,5303.48,FR72 2478 3461 684U MHYW K7JE Z07,NL40 ETOR 4504 4097 44,43.84,Groceries transaction status: Completed. Record updated and logged successfully.,Groceries withdrawal transaction completed successfully with account verification and standard banking review.,Completed
10/14/2022,946,Withdrawal,entertainment,6918.45,FR23 5874 2074 655F STC2 EDTX D65,TN61 4506 5098 3654 5078 0993,4.23,Entertainment transaction status: Failed. Record updated and logged successfully.,Entertainment withdrawal transaction could not be completed successfully with account verification and standard banking review.,Failed
1/27/2021,947,Transfer,utilities,2936.29,LU33 387F ZCFS XSP0 ICY1,FR69 0584 2013 51SC KKY6 WGYU M49,30.94,Utilities transaction status: Failed. Record updated and logged successfully.,Utilities transfer transaction could not be completed successfully with account verification and standard banking review.,Failed
8/26/2022,948,Transfer,utilities,5071.36,GB45 ZWBP 2438 9117 7227 77,GB46 JHVJ 3269 3523 3945 70,28.24,Utilities transaction status: Pending. Record updated and logged successfully.,Utilities transfer transaction is awaiting processing approval with account verification and standard banking review.,Pending
11/18/2021,949,Withdrawal,entertainment,1968.57,FR55 7779 6164 05NT 1B1I C1UE U20,FR69 3630 9048 03M2 N2RA DEIU J58,21.72,Entertainment transaction status: Failed. Record updated and logged successfully.,Entertainment withdrawal transaction could not be completed successfully with account verification and standard banking review.,Failed
11/6/2022,950,Deposit,groceries,9399.35,FR13 0642 4144 01EV KWV1 ABUF M17,IE20 ZNMA 8266 2894 1770 73,41.45,Groceries transaction status: Pending. Record updated and logged successfully.,Groceries deposit transaction is awaiting processing approval with account verification and standard banking review.,Pending
11/21/2020,951,Deposit,groceries,3514.66,GI03 DHPE HHGM OIPW L2X4 HBK,ME80 6573 0253 5786 8689 29,19.27,Groceries transaction status: Completed. Record updated and logged successfully.,Groceries deposit transaction completed successfully with account verification and standard banking review.,Completed
12/15/2020,952,Withdrawal,entertainment,8854.93,BR38 7176 1800 9009 4771 1442 759H T,RS98 7132 3004 3409 4844 25,48.2,Entertainment transaction status: Completed. Record updated and logged successfully.,Entertainment withdrawal transaction completed successfully with account verification and standard banking review.,Completed
5/9/2022,953,Withdrawal,groceries,9123.26,FR97 6510 3247 31PB GZCB DIZC W34,TR45 1477 0GXA GOU6 UVIB HUDD SR,29.71,Groceries transaction status: Pending. Record updated and logged successfully.,Groceries withdrawal transaction is awaiting processing approval with account verification and standard banking review.,Pending
2/20/2021,954,Transfer,utilities,4439.13,FO15 0773 5346 0417 53,BA72 7193 3776 4384 1090,40.87,Utilities transaction status: Completed. Record updated and logged successfully.,Utilities transfer transaction completed successfully with account verification and standard banking review.,Completed
10/22/2021,955,Withdrawal,groceries,6817.46,MR15 4392 7396 6038 3384 2651 606,FI39 3581 3974 5751 86,13.73,Groceries transaction status: Completed. Record updated and logged successfully.,Groceries withdrawal transaction completed successfully with account verification and standard banking review.,Completed
3/23/2021,956,Deposit,groceries,556.4,MR86 3736 1928 8995 0971 8236 349,FR92 0846 7425 58YP 4UNA NMS0 C25,20.67,Groceries transaction status: Pending. Record updated and logged successfully.,Groceries deposit transaction is awaiting processing approval with account verification and standard banking review.,Pending
5/7/2022,957,Deposit,entertainment,9989.67,SK83 3443 9965 4130 6407 8961,GI57 BSMP YAZ8 ITD5 OTMH OMC,31.62,Entertainment transaction status: Pending. Record updated and logged successfully.,Entertainment deposit transaction is awaiting processing approval with account verification and standard banking review.,Pending
7/14/2022,958,Deposit,utilities,4563.07,BE70 8447 2212 9129,TR38 8553 1U74 1DJQ ULWW JW6W TQ,27.36,Utilities transaction status: Pending. Record updated and logged successfully.,Utilities deposit transaction is awaiting processing approval with account verification and standard banking review.,Pending
5/28/2022,959,Withdrawal,utilities,6492.01,GL73 3499 8883 8244 13,FR32 7714 5867 76JJ J5FT WBUN C59,36.01,Utilities transaction status: Pending. Record updated and logged successfully.,Utilities withdrawal transaction is awaiting processing approval with account verification and standard banking review.,Pending
6/22/2022,960,Withdrawal,utilities,6132.38,AD40 6872 0035 BFCT WIVS R5IN,CY36 0276 1677 F39O DH6L UFSE TSJB,18.59,Utilities transaction status: Completed. Record updated and logged successfully.,Utilities withdrawal transaction completed successfully with account verification and standard banking review.,Completed
8/16/2020,961,Deposit,groceries,3752.42,LI42 4901 7DFU YQUM YLGU M,IS40 8035 0512 5018 1289 0176 91,10.56,Groceries transaction status: Pending. Record updated and logged successfully.,Groceries deposit transaction is awaiting processing approval with account verification and standard banking review.,Pending
11/28/2022,962,Withdrawal,entertainment,9684.66,IE78 OYPX 7274 2430 3581 92,PK18 VCXN 9ODG IDMG TLJA PRBR,43.84,Entertainment transaction status: Pending. Record updated and logged successfully.,Entertainment withdrawal transaction is awaiting processing approval with account verification and standard banking review.,Pending
12/16/2020,963,Transfer,entertainment,7948.72,MK51 774F Y2U5 IXQ8 R84,HR48 2384 3118 4079 3139 4,30.38,Entertainment transaction status: Completed. Record updated and logged successfully.,Entertainment transfer transaction completed successfully with account verification and standard banking review.,Completed
2/17/2020,964,Withdrawal,utilities,3629.15,PL95 0764 6349 3266 6197 5428 1462,GR79 5734 937W MFZQ XCKU OLDA RWH,47.56,Utilities transaction status: Pending. Record updated and logged successfully.,Utilities withdrawal transaction is awaiting processing approval with account verification and standard banking review.,Pending
5/18/2022,965,Withdrawal,utilities,5893.57,FR61 0094 3838 83BH SSRH NI3B N84,AL56 6793 8115 LCPO YPZD 7UFL VWXB,10.24,Utilities transaction status: Pending. Record updated and logged successfully.,Utilities withdrawal transaction is awaiting processing approval with account verification and standard banking review.,Pending
10/8/2022,966,Deposit,utilities,719.34,KZ53 475O DCQ0 7APC IIVW,BH02 JGHV MIGE VH53 7R6L U9,22.72,Utilities transaction status: Failed. Record updated and logged successfully.,Utilities deposit transaction could not be completed successfully with account verification and standard banking review.,Failed
10/8/2021,967,Deposit,utilities,3075.08,LV87 CCWY UIOY HEIX FRQ4 9,AZ05 JORE GZ8Y DQMR KPAW RCA7 ZIA9,36.71,Utilities transaction status: Completed. Record updated and logged successfully.,Utilities deposit transaction completed successfully with account verification and standard banking review.,Completed
10/23/2020,968,Deposit,utilities,8193.78,RS33 6471 6627 4844 5523 85,GI86 EXAW 7W87 WLRX Z5Z5 FER,22.28,Utilities transaction status: Completed. Record updated and logged successfully.,Utilities deposit transaction completed successfully with account verification and standard banking review.,Completed
2/15/2022,969,Deposit,entertainment,320.05,TN35 9824 4961 9431 2891 1006,FR53 1734 5329 240G 2H3T 2QRL K96,17.65,Entertainment transaction status: Completed. Record updated and logged successfully.,Entertainment deposit transaction completed successfully with account verification and standard banking review.,Completed
12/8/2020,970,Transfer,groceries,5097.87,MR42 5778 3230 8015 7292 9605 722,MD83 ONAK 8KR9 R5TD CBTM IAKI,35.13,Groceries transaction status: Failed. Record updated and logged successfully.,Groceries transfer transaction could not be completed successfully with account verification and standard banking review.,Failed
11/9/2020,971,Withdrawal,utilities,5759.94,FR50 9532 9331 70MF SU6V YJ9O E06,PS37 UKKY KANM BHRV J0T2 JUNH NOY3 B,31.42,Utilities transaction status: Pending. Record updated and logged successfully.,Utilities withdrawal transaction is awaiting processing approval with account verification and standard banking review.,Pending
12/16/2020,972,Transfer,utilities,3035.6,GR09 4747 025J I6WJ 5GAW CDNS L0Z,GI29 ETFH RS1Z 7FEI 4RE0 LJG,42.66,Utilities transaction status: Completed. Record updated and logged successfully.,Utilities transfer transaction completed successfully with account verification and standard banking review.,Completed
1/5/2020,973,Transfer,entertainment,6237.92,SK17 7524 6888 3782 6159 1052,LU51 927E 6PZL SR1U ML5C,32.16,Entertainment transaction status: Completed. Record updated and logged successfully.,Entertainment transfer transaction completed successfully with account verification and standard banking review.,Completed
11/5/2021,974,Deposit,groceries,356.99,SM08 M058 3150 870T LVPD LWT9 QMO,KW95 SNAE ZX5S B7GT Q5OP L0VD PJAU SO,29.7,Groceries transaction status: Pending. Record updated and logged successfully.,Groceries deposit transaction is awaiting processing approval with account verification and standard banking review.,Pending
3/26/2021,975,Withdrawal,groceries,9339.17,GT91 N3GX 3JO4 Q9DM QCXB 6I9K YG8D,LT81 0529 2478 1034 6505,34.28,Groceries transaction status: Failed. Record updated and logged successfully.,Groceries withdrawal transaction could not be completed successfully with account verification and standard banking review.,Failed
5/31/2022,976,Transfer,groceries,8705.23,MD09 QWWE 7OZD 4BAY 7DF7 OXWP,FR79 7230 9809 624H ZCQ0 P058 G74,4.38,Groceries transaction status: Failed. Record updated and logged successfully.,Groceries transfer transaction could not be completed successfully with account verification and standard banking review.,Failed
1/2/2020,977,Transfer,entertainment,770.92,HU42 3910 8741 5990 6699 2868 0868,LB51 9656 CXVW 4PTQ 92F5 KLBG IUYB,7.34,Entertainment transaction status: Failed. Record updated and logged successfully.,Entertainment transfer transaction could not be completed successfully with account verification and standard banking review.,Failed
8/8/2022,978,Withdrawal,groceries,8112.04,CR50 1436 8606 2242 7556 6,MC62 9555 3691 29BH AACY D14K H69,45.87,Groceries transaction status: Failed. Record updated and logged successfully.,Groceries withdrawal transaction could not be completed successfully with account verification and standard banking review.,Failed
12/8/2021,979,Deposit,utilities,4538.2,SI38 9938 3518 0310 275,BE30 2815 4778 2761,47.6,Utilities transaction status: Failed. Record updated and logged successfully.,Utilities deposit transaction could not be completed successfully with account verification and standard banking review.,Failed
9/13/2021,980,Transfer,utilities,6872.31,AT48 5737 7324 4895 5153,IE57 UKFC 6312 7434 6754 97,39.07,Utilities transaction status: Failed. Record updated and logged successfully.,Utilities transfer transaction could not be completed successfully with account verification and standard banking review.,Failed
3/8/2020,981,Transfer,utilities,8618.25,FR28 0562 8053 93B4 TQH9 MFOF M49,SE21 3123 2868 2910 0805 7522,40.09,Utilities transaction status: Completed. Record updated and logged successfully.,Utilities transfer transaction completed successfully with account verification and standard banking review.,Completed
6/20/2021,982,Transfer,groceries,280.89,GR67 0069 976P 2HL9 OOTS O6FT YX8,MK13 683G 15PE HT0Q Z20,27.44,Groceries transaction status: Pending. Record updated and logged successfully.,Groceries transfer transaction is awaiting processing approval with account verification and standard banking review.,Pending
10/13/2022,983,Transfer,utilities,9846.44,RS02 6283 5016 3662 2444 38,BA88 4891 3125 9545 0255,4.65,Utilities transaction status: Failed. Record updated and logged successfully.,Utilities transfer transaction could not be completed successfully with account verification and standard banking review.,Failed
8/11/2021,984,Transfer,utilities,2666.73,FR95 0139 0548 59VC 8MDI QIUC C42,SK41 7278 8675 4457 4648 3689,45.92,Utilities transaction status: Completed. Record updated and logged successfully.,Utilities transfer transaction completed successfully with account verification and standard banking review.,Completed
11/27/2021,985,Withdrawal,entertainment,6732.03,LV84 YXKO P8TR SLEC 2P5J Q,FR49 3073 3338 59TI OARE XNDO D24,44.72,Entertainment transaction status: Failed. Record updated and logged successfully.,Entertainment withdrawal transaction could not be completed successfully with account verification and standard banking review.,Failed
4/30/2020,986,Deposit,entertainment,1218.81,DK65 4480 0779 8344 28,KW61 CUNG N0V1 GX9D JE3V ZTV9 UFVJ M9,10.34,Entertainment transaction status: Failed. Record updated and logged successfully.,Entertainment deposit transaction could not be completed successfully with account verification and standard banking review.,Failed
6/27/2021,987,Transfer,entertainment,8112.96,TN67 2200 4173 2945 6153 3994,FI71 7540 2195 1891 59,17.13,Entertainment transaction status: Completed. Record updated and logged successfully.,Entertainment transfer transaction completed successfully with account verification and standard banking review.,Completed
6/12/2022,988,Withdrawal,groceries,8467.08,AD38 6100 7938 VI5W CDVJ P7PS,IS79 9902 1898 1811 4706 4065 01,20.62,Groceries transaction status: Completed. Record updated and logged successfully.,Groceries withdrawal transaction completed successfully with account verification and standard banking review.,Completed
6/7/2021,989,Withdrawal,entertainment,3214.28,MT03 QRDJ 0055 1RNM YMSP ESQD F6FF O5V,CR28 2247 2281 9124 0042 2,1.42,Entertainment transaction status: Completed. Record updated and logged successfully.,Entertainment withdrawal transaction completed successfully with account verification and standard banking review.,Completed
2/4/2022,990,Withdrawal,entertainment,1639.3,LB28 7693 ATTY 1GMZ FBEL UKTX KNVS,FR13 0879 0671 75RW WTEU B5SB P58,22.22,Entertainment transaction status: Pending. Record updated and logged successfully.,Entertainment withdrawal transaction is awaiting processing approval with account verification and standard banking review.,Pending
9/11/2022,991,Deposit,utilities,5426.78,NO82 4258 7806 757,RS15 1730 7257 6722 1803 70,3.68,Utilities transaction status: Failed. Record updated and logged successfully.,Utilities deposit transaction could not be completed successfully with account verification and standard banking review.,Failed
9/13/2021,992,Transfer,utilities,5038.83,CZ96 1066 0841 4370 9367 3463,DO10 GYL0 4203 1367 6003 4290 6201,37.13,Utilities transaction status: Failed. Record updated and logged successfully.,Utilities transfer transaction could not be completed successfully with account verification and standard banking review.,Failed
4/6/2022,993,Withdrawal,groceries,9839.31,MD12 U8XL MLCZ OBB6 AY2I 35TS,FR95 6488 5708 761Y 2MMW PRZK N63,24.16,Groceries transaction status: Failed. Record updated and logged successfully.,Groceries withdrawal transaction could not be completed successfully with account verification and standard banking review.,Failed
4/17/2020,994,Transfer,entertainment,2671.08,CY65 4918 2656 T211 K2CA RMKW 8BPQ,GT11 GMQT HGMJ JCLD KOWE YFT1 3I8V,11.8,Entertainment transaction status: Pending. Record updated and logged successfully.,Entertainment transfer transaction is awaiting processing approval with account verification and standard banking review.,Pending
3/23/2020,995,Deposit,utilities,3474.19,SI97 2859 2118 0514 155,BR34 8568 8152 0419 7757 5801 489U 9,14.32,Utilities transaction status: Failed. Record updated and logged successfully.,Utilities deposit transaction could not be completed successfully with account verification and standard banking review.,Failed
1/25/2021,996,Transfer,utilities,30.67,DK72 2072 6850 9554 11,BG03 JZZI 4944 2554 UVUF B1,39.12,Utilities transaction status: Failed. Record updated and logged successfully.,Utilities transfer transaction could not be completed successfully with account verification and standard banking review.,Failed
11/2/2021,997,Deposit,entertainment,148.65,KZ33 725I 6TNI H8NR P4BJ,FR69 1831 5683 62CW 4XBI QIOL L41,43.41,Entertainment transaction status: Completed. Record updated and logged successfully.,Entertainment deposit transaction completed successfully with account verification and standard banking review.,Completed
1/19/2020,998,Deposit,entertainment,2007.02,IT98 Q749 5873 132H ITVQ ZHIX EWK,FR59 8184 2360 341Z 9Y55 5U8L E31,4.85,Entertainment transaction status: Pending. Record updated and logged successfully.,Entertainment deposit transaction is awaiting processing approval with account verification and standard banking review.,Pending
6/19/2021,999,Withdrawal,groceries,6718.09,FR37 4931 5969 06JX A97Z DTNG N42,MD71 AINA 0S6H IPW0 O7EG ZCPQ,19.37,Groceries transaction status: Failed. Record updated and logged successfully.,Groceries withdrawal transaction could not be completed successfully with account verification and standard banking review.,Failed
11/21/2022,1000,Withdrawal,entertainment,8783.52,GB94 TJBE 9259 9381 0479 69,FR68 4262 2090 523V F2BT MHKU T17,6.14,Entertainment transaction status: Completed. Record updated and logged successfully.,Entertainment withdrawal transaction completed successfully with account verification and standard banking review.,Completed
